abv %,cost,# ratings,community rating,expert score,smoky,earthy,spicy,herbal,oily,bitter,rich,sweet,mineral,salty,umami,tart,fruity,floral,type_MEZCAL AÑEJO,type_MEZCAL JOVEN,type_MEZCAL REPOSADO,type_RAICILLA,type_SOTOL,type_TEQUILA AÑEJO,type_TEQUILA BLANCO,type_TEQUILA EXTRA AÑEJO,type_TEQUILA JOVEN,type_TEQUILA REPOSADO
40.0,2,44,4.37,98,0,40,40,45,10,0,70,25,20,10,25,20,65,50,False,False,False,False,False,False,True,False,False,False
58.5,5,37,4.41,98,40,40,40,75,25,15,70,75,60,20,10,40,80,70,False,True,False,False,False,False,False,False,False,False
49.0,4,71,4.5,98,75,60,60,90,65,30,70,80,80,50,40,90,85,60,False,True,False,False,False,False,False,False,False,False
43.0,5,8,4.11,98,70,65,75,30,65,15,80,55,30,55,55,20,90,30,False,False,False,False,False,False,False,True,False,False
40.0,5,7,4.25,97,10,20,55,55,15,35,50,30,0,0,0,45,30,0,False,False,False,False,False,True,False,False,False,False
40.0,4,836,4.59,97,78,87,87,79,70,81,96,87,70,81,83,79,91,85,False,False,False,False,False,False,False,False,False,True
50.0,4,31,4.31,97,5,20,70,45,30,5,80,60,15,10,30,5,15,15,False,False,False,False,False,False,False,True,False,False
40.0,5,52,4.78,97,25,20,40,40,15,0,80,75,5,5,0,15,60,0,False,False,False,False,False,False,False,True,False,False
40.0,4,120,4.36,97,10,15,30,20,15,0,75,60,10,5,0,5,40,0,False,False,False,False,False,True,False,False,False,False
53.7,5,17,4.52,97,30,40,30,65,10,40,85,90,35,0,0,40,99,35,False,True,False,False,False,False,False,False,False,False
42.5,5,2,4.13,96,35,50,65,70,10,50,55,45,10,0,0,25,20,35,False,False,False,False,False,False,False,True,False,False
46.0,3,38,4.45,96,5,15,15,25,20,5,60,50,10,5,10,10,40,0,False,False,False,False,False,False,True,False,False,False
43.5,3,11,4.2,96,75,45,45,10,15,10,55,85,75,70,65,65,90,35,True,False,False,False,False,False,False,False,False,False
40.0,5,29,4.79,96,20,45,0,0,8,0,95,5,0,15,0,0,25,0,False,False,False,False,False,True,False,False,False,False
43.0,4,13,4.58,96,25,25,40,50,10,5,70,60,0,0,0,20,50,20,False,False,False,False,False,False,False,True,False,False
49.9,4,26,4.26,96,90,90,45,90,20,30,85,75,35,25,70,35,50,0,False,True,False,False,False,False,False,False,False,False
50.0,4,7,4.14,96,45,35,30,35,10,10,25,5,30,20,30,10,15,15,False,True,False,False,False,False,False,False,False,False
45.0,2,54,4.05,96,74,82,42,52,64,66,22,70,63,9,18,0,81,72,False,False,False,False,True,False,False,False,False,False
47.0,4,6,4.1,96,40,30,35,70,10,20,40,70,70,60,15,65,70,60,False,True,False,False,False,False,False,False,False,False
43.0,5,101,4.71,96,20,60,75,30,50,5,80,35,20,10,40,5,65,35,False,False,False,False,False,False,False,True,False,False
40.0,3,11,4.43,96,40,70,75,60,30,10,60,70,40,20,25,10,70,35,False,False,False,False,False,False,False,False,False,True
40.0,2,434,4.08,96,25,30,40,20,15,5,60,40,25,15,10,0,40,5,False,False,False,False,False,False,False,False,False,True
40.0,3,44,4.05,96,65,60,75,70,85,25,85,30,60,65,60,30,35,20,False,False,False,False,False,True,False,False,False,False
47.0,4,41,4.59,96,75,60,60,70,40,25,90,90,0,55,25,65,99,30,False,True,False,False,False,False,False,False,False,False
44.4,5,1,5.0,95,3,15,10,15,15,0,70,30,0,5,10,0,10,0,False,False,False,False,False,True,False,False,False,False
40.0,5,3,4.25,95,0,25,65,80,30,25,60,45,25,10,0,25,30,0,False,False,False,False,False,False,False,False,False,True
45.0,2,41,3.81,95,30,50,50,30,25,30,40,40,10,30,60,40,50,10,False,True,False,False,False,False,False,False,False,False
46.0,4,10,4.19,95,65,68,78,77,64,31,58,59,80,63,82,42,70,72,False,True,False,False,False,False,False,False,False,False
40.0,4,3,4.0,95,5,43,10,25,25,19,60,70,19,10,28,15,25,40,False,False,False,False,False,True,False,False,False,False
48.0,4,15,3.85,95,35,15,65,10,0,0,55,89,80,80,20,0,70,30,False,True,False,False,False,False,False,False,False,False
40.0,5,19,4.61,95,15,10,20,20,20,0,70,70,0,15,0,10,40,5,False,False,False,False,False,False,False,True,False,False
49.0,5,65,4.44,95,40,40,70,45,35,0,55,50,15,0,20,0,40,0,False,True,False,False,False,False,False,False,False,False
42.0,3,18,4.38,95,45,45,30,80,25,10,55,60,40,35,60,10,65,75,False,True,False,False,False,False,False,False,False,False
42.0,3,17,4.09,95,45,75,35,70,20,10,35,30,75,35,65,10,60,30,False,True,False,False,False,False,False,False,False,False
40.0,5,6,4.45,95,10,10,50,25,15,0,85,75,0,0,0,5,40,0,False,False,False,False,False,False,False,True,False,False
43.5,5,4,4.81,95,0,15,25,10,10,0,30,30,15,10,5,0,20,0,False,False,False,False,False,False,False,True,False,False
51.0,4,25,4.33,95,65,65,70,85,60,50,70,50,70,65,60,45,55,65,False,True,False,False,False,False,False,False,False,False
40.0,3,494,4.22,95,30,45,60,45,20,5,75,55,20,10,25,5,55,30,False,False,False,False,False,True,False,False,False,False
50.0,2,31,4.3,95,5,20,60,50,25,5,70,55,15,5,20,5,15,15,False,False,False,False,False,True,False,False,False,False
40.0,4,7,3.64,95,40,30,60,30,30,5,80,50,15,20,5,10,25,0,True,False,False,False,False,False,False,False,False,False
40.0,2,11,4.54,95,30,60,75,70,25,10,50,65,50,30,10,15,75,45,False,False,False,False,False,False,True,False,False,False
40.0,2,94,4.1,95,10,10,30,40,20,0,70,70,10,0,5,5,75,10,False,False,False,False,False,False,True,False,False,False
40.0,3,7,4.64,95,40,60,40,70,35,10,30,60,30,25,15,20,50,55,False,False,False,False,False,False,False,False,False,True
40.0,2,9,4.72,95,5,0,70,30,0,10,80,60,15,0,0,25,50,0,False,False,False,False,False,False,False,False,False,True
54.0,3,2,4.5,94,5,65,35,85,35,50,60,55,45,10,10,45,55,0,False,False,False,False,False,False,True,False,False,False
40.0,2,9,3.59,94,0,17,60,30,15,0,35,25,0,20,0,25,30,25,False,False,False,False,False,False,True,False,False,False
40.0,4,6,4.0,94,5,55,75,70,5,0,80,45,60,65,20,5,60,5,False,False,False,False,False,False,True,False,False,False
46.0,4,3,4.5,94,42,65,80,63,59,28,63,60,74,57,89,38,82,68,False,True,False,False,False,False,False,False,False,False
47.0,4,7,3.96,94,65,66,73,77,59,33,62,54,80,61,82,55,76,76,False,True,False,False,False,False,False,False,False,False
48.0,3,10,4.18,94,55,85,55,15,10,0,65,35,80,75,90,5,65,60,False,False,False,False,True,False,False,False,False,False
40.0,3,12,4.46,94,0,20,55,25,15,5,50,20,15,0,10,0,45,15,False,False,False,False,False,True,False,False,False,False
40.0,2,1,4.75,94,5,15,40,0,15,0,70,70,5,0,0,20,40,0,False,False,False,False,False,False,False,False,False,True
40.0,2,7,4.48,94,20,20,40,40,20,5,70,50,0,0,5,0,30,0,False,False,False,False,False,True,False,False,False,False
48.0,3,7,3.61,94,70,80,65,80,40,20,75,75,60,40,50,50,65,25,False,True,False,False,False,False,False,False,False,False
45.0,3,14,4.33,94,80,40,60,50,20,15,60,30,10,0,20,10,25,0,False,True,False,False,False,False,False,False,False,False
40.0,3,48,4.38,94,10,5,30,30,15,0,85,80,0,0,0,20,50,10,False,False,False,False,False,False,False,True,False,False
40.0,3,12,4.6,94,50,70,35,75,25,10,45,35,70,35,60,10,60,70,False,True,False,False,False,False,False,False,False,False
40.0,4,90,4.26,94,70,25,40,20,5,5,60,30,10,15,0,0,10,0,True,False,False,False,False,False,False,False,False,False
40.0,2,2,4.0,94,10,10,25,15,20,5,15,35,5,5,5,5,25,35,False,False,False,False,False,False,True,False,False,False
45.0,5,3,4.5,94,10,20,40,15,30,0,60,20,15,10,10,0,30,0,False,False,False,False,False,False,False,True,False,False
40.0,4,131,4.42,94,60,70,75,60,40,10,90,50,60,45,60,20,65,30,False,False,False,False,False,False,False,True,False,False
45.5,3,26,4.11,94,45,90,25,90,35,25,60,65,50,40,35,40,45,15,False,False,False,True,False,False,False,False,False,False
40.0,2,384,3.95,94,25,30,80,65,10,5,30,15,20,15,10,10,75,50,False,False,False,False,False,False,True,False,False,False
46.0,4,16,4.05,94,60,20,60,40,20,10,75,30,10,25,5,0,40,10,False,True,False,False,False,False,False,False,False,False
47.8,4,31,4.42,94,74,72,55,77,25,10,62,15,67,60,72,10,20,35,False,True,False,False,False,False,False,False,False,False
40.0,2,3,1.0,94,25,10,20,50,15,0,30,60,10,5,5,0,40,10,False,True,False,False,False,False,False,False,False,False
40.0,3,10,4.5,94,45,75,70,50,40,5,70,75,35,15,30,5,60,30,False,False,False,False,False,True,False,False,False,False
46.0,3,255,4.32,94,70,70,70,60,30,25,80,75,50,70,65,30,50,20,False,True,False,False,False,False,False,False,False,False
40.0,3,11,4.64,94,15,5,35,30,10,0,60,50,10,0,0,0,40,0,False,False,False,False,False,True,False,False,False,False
40.0,2,266,4.45,94,0,45,20,50,30,30,50,50,40,20,10,30,50,10,False,False,False,False,False,False,True,False,False,False
40.0,2,25,3.74,94,0,10,40,30,20,0,80,70,15,0,0,0,30,0,False,False,False,False,False,True,False,False,False,False
46.7,4,6,4.0,94,50,50,5,15,65,25,45,25,25,25,25,50,60,5,False,True,False,False,False,False,False,False,False,False
40.0,2,7,4.43,94,10,30,20,85,15,20,40,35,25,15,40,30,40,0,False,False,False,False,False,False,True,False,False,False
40.0,2,21,4.41,94,20,25,50,40,25,5,35,20,5,5,35,5,15,15,False,False,False,False,False,True,False,False,False,False
40.0,2,24,4.09,94,20,20,50,45,20,5,30,25,5,5,30,5,20,15,False,False,False,False,False,False,False,False,False,True
54.0,3,1,4.0,93,3,10,8,10,0,5,50,30,25,20,8,15,35,5,False,False,False,False,False,False,True,False,False,False
40.0,3,1,4.25,93,0,8,25,20,10,0,70,35,10,8,15,15,30,5,False,False,False,False,False,True,False,False,False,False
40.0,5,4,3.83,93,5,10,20,10,15,2,50,50,5,5,8,0,15,0,False,False,False,False,False,False,False,True,False,False
40.0,4,6,3.54,93,0,20,25,55,10,35,55,35,20,0,0,45,45,10,False,False,False,False,False,False,False,False,False,True
43.5,4,5,4.5,93,3,10,30,15,20,0,70,35,0,5,0,10,40,5,False,False,False,False,False,False,False,False,False,True
40.0,2,2,4.25,93,15,40,30,40,35,40,50,25,25,10,10,45,0,40,False,False,False,False,False,False,False,False,False,True
47.0,4,2,4.63,93,60,10,20,80,20,30,50,40,60,30,20,40,80,20,False,True,False,False,False,False,False,False,False,False
44.0,5,3,4.83,93,40,30,30,90,60,50,40,40,40,20,40,50,40,80,False,True,False,False,False,False,False,False,False,False
40.0,4,28,4.03,93,45,55,45,65,15,55,65,60,15,0,20,45,10,0,False,False,False,False,False,True,False,False,False,False
40.0,4,52,4.27,93,40,30,30,60,30,40,90,80,10,50,20,20,20,0,False,False,False,False,False,True,False,False,False,False
40.0,3,43,4.28,93,25,30,65,17,10,0,85,30,0,10,0,10,15,0,False,False,False,False,False,False,False,False,False,True
41.5,5,8,4.63,93,15,20,85,40,15,15,15,40,0,0,15,30,20,0,False,False,False,False,False,False,False,True,False,False
42.0,3,10,4.28,93,15,20,88,60,5,0,75,70,80,80,15,10,70,20,False,True,False,False,False,False,False,False,False,False
40.0,2,37,4.17,93,0,51,61,67,70,11,65,72,71,42,61,22,72,51,False,False,False,False,False,False,True,False,False,False
40.0,4,10,4.45,93,20,30,45,40,20,5,40,25,5,10,10,5,25,20,False,False,False,False,False,False,False,False,False,True
48.1,3,19,4.17,93,40,20,40,25,5,0,50,50,20,20,0,20,60,30,False,True,False,False,False,False,False,False,False,False
40.0,2,6,4.88,93,15,10,30,5,10,0,75,70,0,0,0,20,40,0,False,False,False,False,False,True,False,False,False,False
47.0,4,18,4.49,93,20,20,30,10,30,0,60,20,30,0,0,10,20,0,False,True,False,False,False,False,False,False,False,False
40.0,4,3,4.31,93,10,20,70,10,30,0,50,40,10,0,0,5,45,25,False,False,False,False,False,True,False,False,False,False
48.0,4,13,4.55,93,60,80,65,70,30,25,45,65,70,65,75,10,60,70,False,True,False,False,False,False,False,False,False,False
40.0,4,114,4.08,93,15,30,35,35,30,15,45,50,15,10,10,35,15,0,False,False,False,False,False,True,False,False,False,False
40.0,3,23,4.23,93,5,10,20,20,5,5,50,25,15,5,12,15,30,5,False,False,False,False,False,False,False,False,False,True
40.0,3,5,4.3,93,10,15,20,15,15,5,30,30,5,5,15,5,20,30,False,False,False,False,False,True,False,False,False,False
43.5,5,2,5.0,93,0,10,15,10,20,0,50,50,10,0,5,0,15,0,False,False,False,False,False,False,False,True,False,False
48.6,4,22,4.33,93,25,20,30,30,25,5,25,35,15,10,20,5,35,25,False,True,False,False,False,False,False,False,False,False
51.6,4,2,3.5,93,70,85,80,65,85,55,80,40,40,60,80,35,20,40,False,True,False,False,False,False,False,False,False,False
47.0,4,5,4.45,93,60,75,65,75,30,40,85,55,45,40,20,35,70,15,False,True,False,False,False,False,False,False,False,False
40.0,3,91,4.14,93,0,81,63,84,40,60,88,91,76,70,71,75,86,75,False,False,False,False,False,False,True,False,False,False
48.0,4,4,4.38,93,45,15,30,60,20,30,70,80,30,25,15,65,90,70,False,True,False,False,False,False,False,False,False,False
48.0,4,11,4.55,93,84,43,67,90,42,80,30,60,22,16,80,55,70,34,False,True,False,False,False,False,False,False,False,False
48.0,4,31,4.64,93,60,55,35,45,40,30,80,70,50,73,50,50,60,10,False,True,False,False,False,False,False,False,False,False
48.7,4,13,4.38,93,50,65,40,65,35,45,55,60,75,35,20,80,75,45,False,True,False,False,False,False,False,False,False,False
40.0,3,4,4.75,93,30,10,30,10,20,0,60,60,10,10,5,0,35,0,False,False,True,False,False,False,False,False,False,False
40.0,2,1,4.25,93,20,40,78,27,29,32,50,72,24,23,46,40,82,40,False,False,False,False,False,False,False,False,False,True
40.0,1,107,3.76,93,28,70,0,55,84,58,84,70,12,0,78,42,67,70,False,False,False,False,False,True,False,False,False,False
40.0,5,14,4.52,93,30,75,85,40,73,0,90,83,67,81,81,60,89,89,False,False,False,False,False,False,False,True,False,False
40.0,2,2,4.63,93,10,35,30,60,30,10,20,62,80,55,10,15,65,72,False,False,False,False,False,False,True,False,False,False
40.0,3,42,4.26,93,68,75,74,84,75,68,76,78,72,78,78,70,82,71,False,False,False,False,False,False,False,False,False,True
40.0,3,49,4.45,93,58,68,82,73,76,73,89,75,70,74,77,64,77,72,False,False,False,False,False,True,False,False,False,False
40.0,2,98,4.12,93,15,50,10,40,20,15,65,45,20,15,5,15,30,0,False,False,False,False,False,False,True,False,False,False
40.0,5,2,2.63,92,3,15,20,10,5,3,60,35,10,0,0,0,10,0,False,False,False,False,False,True,False,False,False,False
40.0,3,19,3.95,92,10,45,35,60,20,35,40,40,20,10,15,40,35,0,False,False,False,False,False,False,False,False,False,True
46.3,5,4,4.38,92,10,15,40,20,10,5,85,70,10,5,8,20,30,5,False,False,False,False,False,False,False,False,False,True
40.0,5,3,4.38,92,10,30,55,50,10,55,45,55,15,0,10,30,25,0,False,False,False,False,False,False,False,True,False,False
40.0,4,2,4.25,92,10,15,15,30,10,3,70,65,20,15,5,25,40,5,False,False,False,False,False,True,False,False,False,False
42.0,5,3,4.83,92,20,80,40,50,20,60,30,30,30,10,70,30,20,0,False,True,False,False,False,False,False,False,False,False
40.0,2,2,3.88,92,0,15,10,20,15,0,50,40,20,0,5,25,60,20,False,False,False,False,False,False,True,False,False,False
45.0,4,5,4.35,92,5,15,30,30,5,5,70,65,5,5,10,15,40,5,False,False,False,False,False,True,False,False,False,False
40.0,4,26,4.49,92,0,70,40,10,0,0,90,30,0,0,0,0,35,0,False,False,False,False,False,False,False,True,False,False
40.0,4,4,4.25,92,0,60,35,35,10,0,65,80,0,5,15,5,70,25,False,False,False,False,False,False,False,False,False,True
40.0,2,67,3.82,92,30,45,75,90,75,20,80,55,45,35,40,40,65,90,False,False,False,False,False,False,True,False,False,False
47.0,4,16,4.63,92,25,20,30,35,25,5,25,25,15,10,30,5,20,35,False,True,False,False,False,False,False,False,False,False
40.0,2,35,4.18,92,15,39,63,56,61,9,68,71,53,39,56,12,55,32,False,False,False,False,False,False,False,False,False,True
45.0,4,16,4.41,92,30,30,45,60,20,15,70,80,35,15,20,40,90,40,False,True,False,False,False,False,False,False,False,False
48.0,3,48,3.89,92,20,10,25,30,5,0,40,40,25,0,0,15,70,40,False,True,False,False,False,False,False,False,False,False
40.0,3,2,3.25,92,40,70,80,40,15,35,85,80,0,0,45,0,40,60,False,False,False,False,False,True,False,False,False,False
55.0,3,11,3.65,92,5,20,20,30,10,0,40,60,30,10,15,15,40,0,False,False,False,False,False,False,True,False,False,False
43.0,3,2,2.5,92,10,30,30,50,40,0,90,70,0,0,5,0,30,0,False,False,False,False,True,False,False,False,False,False
47.0,3,4,4.6,92,70,70,10,50,10,40,30,50,50,10,15,0,25,0,False,True,False,False,False,False,False,False,False,False
45.0,3,12,4.25,92,40,5,60,60,0,0,30,40,20,0,0,20,40,5,False,True,False,False,False,False,False,False,False,False
45.0,2,18,3.96,92,60,10,50,30,10,0,60,50,0,0,0,20,40,5,False,False,True,False,False,False,False,False,False,False
40.0,3,25,3.73,92,60,55,45,70,20,10,40,35,45,40,45,10,35,60,False,False,True,False,False,False,False,False,False,False
47.0,4,17,4.17,92,10,30,30,10,25,5,30,5,20,10,0,10,20,0,False,True,False,False,False,False,False,False,False,False
40.0,2,35,4.26,92,20,15,30,40,0,5,60,60,10,0,0,0,50,20,False,False,False,False,False,False,False,False,False,True
49.0,3,59,4.12,92,55,45,20,75,20,15,65,50,30,25,30,15,40,10,False,True,False,False,False,False,False,False,False,False
40.0,3,8,4.75,92,10,20,30,60,30,0,50,60,0,10,40,0,40,30,False,False,False,False,False,True,False,False,False,False
40.0,3,5,4.1,92,5,10,30,0,15,0,80,80,0,0,0,5,50,0,False,False,False,False,False,True,False,False,False,False
40.0,2,21,4.18,92,0,15,20,30,5,3,40,15,10,5,10,10,20,5,False,False,False,False,False,False,True,False,False,False
40.0,3,2,4.38,92,25,15,30,10,10,0,70,70,0,0,0,10,40,5,False,False,False,False,False,True,False,False,False,False
50.0,2,17,3.12,92,0,10,20,10,0,5,15,60,10,5,5,0,65,40,False,False,False,False,False,False,True,False,False,False
43.0,5,2,4.0,92,0,10,30,10,10,0,40,30,10,0,10,0,20,0,False,False,False,False,False,False,False,True,False,False
42.0,5,9,4.36,92,0,10,50,30,20,10,40,10,40,10,10,10,20,0,False,False,False,False,False,False,False,True,False,False
49.9,4,20,4.37,92,95,70,50,70,60,75,65,25,75,70,90,80,35,40,False,True,False,False,False,False,False,False,False,False
49.0,4,26,4.16,92,25,30,25,30,25,5,30,30,20,15,25,5,30,30,False,True,False,False,False,False,False,False,False,False
46.0,4,25,4.25,92,65,80,50,90,60,40,70,60,50,55,50,45,70,10,False,False,False,True,False,False,False,False,False,False
40.0,3,180,4.36,92,30,50,60,45,15,25,60,65,35,30,10,30,70,55,False,False,False,False,False,False,False,False,False,True
47.0,4,1,4.0,92,40,40,10,70,25,25,45,70,60,20,10,50,80,35,False,True,False,False,False,False,False,False,False,False
47.0,4,4,4.31,92,50,75,45,65,40,45,90,75,60,70,15,40,85,25,False,True,False,False,False,False,False,False,False,False
40.0,4,703,4.48,92,10,10,60,30,5,10,70,65,5,0,0,15,20,0,False,False,False,False,False,True,False,False,False,False
40.0,5,4,2.75,92,62,55,64,21,44,70,77,50,42,19,60,0,32,32,True,False,False,False,False,False,False,False,False,False
51.1,3,38,4.15,92,78,21,20,64,44,50,12,62,32,20,63,32,73,29,False,True,False,False,False,False,False,False,False,False
46.0,3,26,4.03,92,15,15,30,60,30,5,70,40,5,25,0,0,40,35,False,True,False,False,False,False,False,False,False,False
40.0,3,16,4.3,92,52,60,30,62,15,10,35,68,25,30,40,10,65,30,False,False,False,False,False,False,False,False,False,True
40.0,2,189,3.99,92,32,46,67,70,45,61,55,70,34,20,50,45,55,60,False,False,False,False,False,True,False,False,False,False
43.0,2,5,4.7,92,50,85,65,70,40,10,65,50,45,20,40,10,65,30,False,False,False,False,False,False,True,False,False,False
40.0,2,113,3.92,92,30,30,50,40,10,5,70,60,0,0,5,0,40,0,False,False,False,False,False,False,False,False,False,True
40.0,3,281,4.07,92,42,64,70,68,60,42,80,74,44,20,68,22,84,28,False,False,False,False,False,True,False,False,False,False
40.0,1,243,3.48,92,0,55,38,55,58,72,50,74,35,0,80,60,70,28,False,False,False,False,False,False,False,False,False,True
40.0,2,118,4.21,92,15,50,20,85,25,10,70,75,70,30,15,30,50,20,False,False,False,False,False,False,True,False,False,False
40.0,2,12,4.57,92,10,60,50,75,30,10,70,80,70,50,20,60,40,50,False,False,False,False,False,False,True,False,False,False
40.0,4,2,5.0,92,45,50,35,65,65,20,40,60,75,70,10,20,40,70,False,False,False,False,False,True,False,False,False,False
45.0,3,12,4.65,92,10,0,50,30,10,0,60,40,0,5,0,15,60,0,False,False,False,False,False,True,False,False,False,False
40.0,2,38,3.68,92,5,20,20,30,5,0,40,60,5,10,0,10,60,15,False,False,False,False,False,False,False,False,False,True
41.0,2,30,3.8,92,40,25,35,15,10,10,20,60,10,5,35,0,65,0,False,True,False,False,False,False,False,False,False,False
40.0,3,19,4.22,92,40,55,50,60,75,10,65,85,25,20,30,20,75,25,False,False,False,False,False,True,False,False,False,False
40.0,3,4,4.19,92,68,62,75,85,65,40,87,88,83,87,67,60,74,70,False,False,False,False,False,True,False,False,False,False
40.0,3,7,3.96,92,10,10,30,60,15,55,35,50,25,15,30,40,65,10,False,False,False,False,False,False,True,False,False,False
40.0,2,17,4.18,92,0,20,50,40,0,10,70,30,40,10,0,30,60,10,False,False,False,False,False,False,True,False,False,False
40.0,3,6,4.21,92,30,60,25,40,0,5,60,30,20,0,0,10,30,10,False,False,False,False,False,False,False,False,False,True
40.0,2,610,4.07,92,15,10,50,35,15,10,70,65,10,10,0,20,15,0,False,False,False,False,False,False,False,False,False,True
40.0,2,4,4.38,91,20,40,30,85,10,15,55,20,10,10,0,20,15,0,False,False,False,False,False,False,True,False,False,False
40.0,2,4,3.88,91,20,40,50,40,50,70,50,40,80,20,20,50,80,30,False,False,False,False,False,False,True,False,False,False
40.0,4,2,4.38,91,4,10,25,20,5,0,40,50,5,0,0,5,15,0,False,False,False,False,False,False,False,False,False,True
45.0,3,2,4.38,91,0,0,20,80,0,20,40,35,15,0,20,20,25,25,False,False,False,False,False,False,True,False,False,False
40.0,3,1,4.75,91,5,15,25,20,10,0,60,50,5,5,0,10,30,5,False,False,False,False,False,True,False,False,False,False
40.0,2,11,4.23,91,0,25,20,15,0,5,40,50,15,5,0,15,60,30,False,False,False,False,False,False,True,False,False,False
40.0,3,14,4.17,91,5,0,55,10,15,0,55,85,45,55,20,5,65,5,False,False,False,False,False,True,False,False,False,False
40.0,3,90,3.89,91,0,30,25,25,25,0,20,20,20,20,40,10,25,10,False,False,False,False,False,False,True,False,False,False
45.0,4,13,4.38,91,90,99,50,30,45,45,80,70,25,30,80,0,65,0,False,True,False,False,False,False,False,False,False,False
45.0,4,7,3.46,91,80,60,45,65,40,25,90,75,15,70,40,20,70,0,False,True,False,False,False,False,False,False,False,False
47.0,4,11,4.05,91,70,60,20,60,0,40,0,50,40,0,28,0,40,10,False,True,False,False,False,False,False,False,False,False
48.0,4,20,4.52,91,10,10,20,20,50,10,40,30,20,10,10,10,20,0,False,True,False,False,False,False,False,False,False,False
40.0,2,64,3.96,91,65,55,55,70,20,10,45,45,55,45,65,10,60,45,False,True,False,False,False,False,False,False,False,False
51.0,5,7,4.75,91,65,65,60,65,30,25,60,60,60,65,80,10,75,70,False,True,False,False,False,False,False,False,False,False
40.0,3,101,3.97,91,5,25,25,35,45,15,45,45,10,10,0,20,45,0,False,False,False,False,False,False,False,False,False,True
47.0,4,5,3.95,91,60,30,70,55,30,35,75,60,45,75,10,60,85,10,False,True,False,False,False,False,False,False,False,False
40.0,3,287,4.25,91,0,15,40,55,25,20,70,75,20,15,10,30,35,10,False,False,False,False,False,True,False,False,False,False
40.0,5,75,4.58,91,55,35,50,25,75,25,60,85,70,80,30,60,90,60,False,False,False,False,False,False,False,False,True,False
45.0,4,10,4.02,91,72,67,61,78,52,15,62,65,60,56,61,15,64,76,False,True,False,False,False,False,False,False,False,False
40.0,4,3,3.25,91,30,60,70,35,45,35,90,90,20,35,55,15,85,30,False,False,False,False,False,False,False,True,False,False
40.0,2,12,4.56,91,20,65,60,30,30,25,90,85,5,40,45,10,50,30,False,False,False,False,False,True,False,False,False,False
40.0,2,2,3.0,91,11,26,78,74,19,64,22,68,34,20,6,51,78,28,False,False,False,False,False,False,True,False,False,False
40.0,3,3,4.42,91,35,65,60,70,25,10,20,55,20,15,10,10,60,60,False,False,False,False,False,True,False,False,False,False
40.0,2,34,4.19,91,45,81,77,77,74,60,69,72,83,68,74,65,75,88,False,False,False,False,False,False,True,False,False,False
43.0,2,9,4.17,91,5,20,20,40,50,15,40,30,25,20,5,35,75,0,False,False,False,False,False,False,True,False,False,False
46.8,2,61,4.0,91,65,50,15,45,30,20,35,15,35,25,15,50,25,25,False,True,False,False,False,False,False,False,False,False
53.0,3,8,4.44,90,0,45,45,85,20,25,60,30,20,0,10,20,20,0,False,False,False,False,False,False,True,False,False,False
40.0,5,4,4.63,90,30,50,30,65,15,30,40,30,15,15,20,10,15,0,False,False,False,False,False,True,False,False,False,False
40.0,4,5,3.15,90,0,15,30,65,10,35,35,40,35,10,0,45,65,0,False,False,False,False,False,False,True,False,False,False
43.0,3,4,4.56,90,30,70,10,85,0,20,50,10,15,0,10,20,20,0,False,False,False,False,True,False,False,False,False,False
40.0,4,2,3.38,90,20,40,35,50,25,45,60,45,10,0,0,35,35,0,False,False,False,False,False,True,False,False,False,False
40.0,4,18,4.23,90,25,40,55,0,0,15,80,35,15,26,0,0,0,0,False,False,False,False,False,False,False,True,False,False
45.0,3,3,3.58,90,15,60,35,50,0,0,30,15,15,30,0,10,20,7,False,True,False,False,False,False,False,False,False,False
42.0,3,59,3.7,90,40,15,10,25,3,5,60,50,25,10,3,20,40,15,False,True,False,False,False,False,False,False,False,False
40.0,3,8,3.93,90,10,30,40,25,15,45,35,40,10,0,0,35,10,0,False,False,False,False,False,True,False,False,False,False
40.0,2,2,4.13,90,5,15,80,15,20,0,60,75,55,65,25,0,10,10,False,False,False,False,False,False,False,False,True,False
40.0,2,33,4.03,90,15,5,55,45,5,5,10,45,65,75,25,5,65,15,False,False,False,False,False,False,True,False,False,False
40.0,3,68,4.06,90,55,40,85,85,60,65,70,20,70,40,60,10,60,20,False,False,False,False,False,False,False,False,False,True
40.0,3,3,3.42,90,10,10,30,40,15,5,40,45,10,5,25,5,30,20,False,False,False,False,False,False,False,False,False,True
40.0,5,38,4.25,90,10,15,35,35,15,20,40,50,10,10,0,25,0,0,False,False,False,False,False,False,False,True,False,False
40.0,3,13,3.85,90,0,20,20,40,50,30,65,50,25,20,5,30,45,0,False,False,False,False,False,False,True,False,False,False
40.0,1,12,3.34,90,5,5,0,10,0,0,40,70,25,0,0,20,60,10,False,True,False,False,False,False,False,False,False,False
40.0,3,9,4.22,90,5,10,40,20,10,0,80,80,0,0,0,10,60,20,False,False,False,False,False,True,False,False,False,False
35.0,2,2,3.25,90,20,20,40,50,30,0,40,40,0,10,30,0,50,30,False,False,False,False,False,False,False,False,False,True
40.0,2,3,3.67,90,15,15,25,20,10,5,70,70,0,0,0,20,50,5,False,False,False,False,False,False,False,False,False,True
48.0,4,15,4.04,90,40,10,60,40,5,0,40,40,20,10,0,30,40,15,False,True,False,False,False,False,False,False,False,False
40.0,2,2,3.88,90,0,45,25,70,20,10,60,65,75,40,0,45,80,75,False,False,False,False,False,False,True,False,False,False
43.0,2,3,3.0,90,15,20,30,50,20,5,60,40,15,10,5,20,60,10,False,False,False,False,True,False,False,False,False,False
45.0,4,50,4.19,90,70,70,20,40,15,35,0,40,50,0,15,0,15,0,False,True,False,False,False,False,False,False,False,False
40.0,3,65,4.09,90,5,30,50,50,0,20,30,40,5,0,0,0,40,0,False,False,False,False,False,True,False,False,False,False
47.0,4,12,4.21,90,30,10,50,0,40,10,40,10,30,20,10,0,20,0,False,True,False,False,False,False,False,False,False,False
51.2,5,4,4.81,90,70,65,60,65,35,25,65,60,60,70,85,10,75,70,False,True,False,False,False,False,False,False,False,False
47.0,3,35,4.18,90,45,25,20,70,20,15,65,30,15,15,25,25,60,15,False,True,False,False,False,False,False,False,False,False
40.0,3,84,3.94,90,60,15,20,15,0,0,40,30,10,10,0,20,50,5,False,False,True,False,False,False,False,False,False,False
40.0,3,28,3.78,90,5,70,70,5,5,0,80,85,65,45,25,0,85,15,False,True,False,False,False,False,False,False,False,False
40.0,4,69,4.13,90,5,10,20,5,10,0,30,40,10,0,10,0,15,5,False,False,False,False,False,True,False,False,False,False
40.0,2,152,4.03,90,20,20,10,10,15,10,5,20,10,0,25,0,5,15,False,False,False,False,False,True,False,False,False,False
45.5,4,5,3.9,90,40,80,20,70,35,20,75,45,35,55,30,15,70,20,False,True,False,False,False,False,False,False,False,False
48.6,4,13,4.04,90,25,25,20,15,15,5,30,5,20,10,20,5,15,15,False,True,False,False,False,False,False,False,False,False
48.9,4,4,4.94,90,35,45,40,25,25,5,40,5,40,20,30,5,30,15,False,True,False,False,False,False,False,False,False,False
51.0,3,2,3.38,90,40,65,30,40,55,55,35,65,45,45,40,75,85,80,False,True,False,False,False,False,False,False,False,False
40.0,2,15,4.09,90,10,0,40,30,20,0,80,80,0,0,0,20,50,0,False,False,False,False,False,True,False,False,False,False
47.0,4,1,5.0,90,65,85,40,90,40,30,70,45,55,30,55,45,40,30,False,True,False,False,False,False,False,False,False,False
50.0,2,27,4.21,90,5,15,65,70,20,5,45,60,20,15,15,5,20,15,False,False,False,False,False,False,False,False,False,True
40.0,2,14,4.0,90,5,15,30,40,10,0,70,60,20,5,0,0,70,10,False,False,False,False,False,False,True,False,False,False
49.0,5,22,4.45,90,70,60,70,35,30,60,65,55,30,40,50,40,70,40,False,True,False,False,False,False,False,False,False,False
46.0,2,25,3.46,90,20,40,15,40,20,0,60,60,10,15,0,0,20,30,False,True,False,False,False,False,False,False,False,False
40.0,2,46,4.29,90,64,60,68,65,15,10,35,67,32,25,20,10,67,25,False,False,False,False,False,False,False,False,False,True
40.0,3,28,3.89,90,0,57,90,85,40,60,89,80,76,70,79,85,83,65,False,False,False,False,False,False,False,False,False,True
40.0,4,3,4.0,90,12,47,82,62,30,67,46,71,55,20,49,31,63,36,False,False,False,False,False,False,False,False,False,True
40.0,2,5,4.05,90,35,60,65,35,30,30,55,70,30,50,25,10,75,20,False,False,False,False,False,False,False,False,False,True
40.0,2,80,4.2,90,0,67,89,70,30,60,91,75,45,60,50,73,87,78,False,False,False,False,False,False,True,False,False,False
40.0,5,219,4.45,90,22,25,14,42,86,30,88,80,24,8,80,52,63,70,False,False,False,False,False,False,False,True,False,False
55.0,3,21,4.4,90,10,10,50,40,0,5,20,15,30,10,15,5,25,0,False,False,False,False,False,False,True,False,False,False
45.0,2,109,3.69,90,85,55,40,35,30,30,90,70,40,30,30,20,50,25,False,True,False,False,False,False,False,False,False,False
47.0,3,9,4.31,90,45,40,45,70,10,18,68,65,70,50,30,30,60,37,False,True,False,False,False,False,False,False,False,False
48.4,2,27,3.92,90,50,30,60,60,30,30,60,80,70,60,10,50,80,70,False,True,False,False,False,False,False,False,False,False
40.0,4,1,4.25,90,35,35,50,60,50,10,25,65,25,20,15,10,60,15,False,False,False,False,False,False,False,True,False,False
40.0,2,27,3.69,90,0,20,5,35,75,30,60,45,40,25,0,40,65,40,False,False,False,False,False,False,True,False,False,False
40.0,4,7,4.43,90,40,45,50,65,20,10,70,80,30,25,25,15,70,45,False,False,False,False,False,False,False,True,False,False
40.0,2,37,3.92,90,40,75,80,85,30,60,40,40,75,35,75,55,45,65,False,False,False,False,False,False,True,False,False,False
40.0,3,16,4.55,90,5,20,30,10,15,10,50,60,15,15,0,25,70,20,False,False,False,False,False,False,False,False,False,True
51.75,5,8,4.72,90,75,85,45,80,25,60,75,60,55,45,65,70,40,30,False,True,False,False,False,False,False,False,False,False
40.0,3,2,4.5,90,0,20,5,50,0,10,30,60,15,0,0,10,40,5,False,False,False,False,False,False,True,False,False,False
40.0,2,457,3.94,90,0,20,20,35,20,10,60,50,20,15,5,15,15,10,False,False,False,False,False,False,True,False,False,False
40.0,3,450,4.15,90,25,20,60,25,15,25,49,50,15,15,10,25,20,0,False,False,False,False,False,True,False,False,False,False
43.0,3,32,3.81,90,15,55,25,85,25,20,60,20,35,15,10,25,35,10,False,True,False,False,False,False,False,False,False,False
40.0,3,1,3.0,89,5,15,30,15,15,0,70,30,10,8,5,18,20,0,False,False,False,False,False,True,False,False,False,False
40.0,5,1,5.0,89,3,10,25,15,15,3,70,40,10,0,0,10,30,2,False,False,False,False,False,False,False,False,False,True
40.0,4,4,4.88,89,3,10,10,15,0,2,30,25,5,0,0,10,15,0,False,False,False,False,False,False,True,False,False,False
40.0,2,1,4.0,89,0,20,5,20,0,0,40,35,8,10,0,15,30,3,False,False,False,False,False,False,True,False,False,False
40.0,3,3,3.75,89,30,45,30,50,25,35,55,50,25,0,10,10,20,15,False,False,True,False,False,False,False,False,False,False
40.0,2,11,3.61,89,0,10,30,25,10,5,50,40,15,10,0,20,30,5,False,False,False,False,False,False,True,False,False,False
43.0,2,1,3.75,89,30,15,10,10,0,2,40,30,10,5,0,40,60,10,False,True,False,False,False,False,False,False,False,False
45.0,2,2,4.13,89,30,15,15,20,0,5,50,30,15,8,0,25,40,10,False,True,False,False,False,False,False,False,False,False
40.0,4,2,4.5,89,45,12,25,15,3,0,65,40,15,10,10,20,30,0,False,False,False,False,False,True,False,False,False,False
42.0,2,9,3.22,89,60,40,50,80,30,50,20,40,40,20,30,70,50,70,False,True,False,False,False,False,False,False,False,False
40.0,3,8,4.16,89,0,15,15,10,10,5,70,65,10,0,0,20,50,25,False,False,False,False,False,True,False,False,False,False
40.0,3,1,4.5,89,0,10,30,20,15,3,60,60,20,0,0,15,20,15,False,False,False,False,False,False,False,False,False,True
38.0,3,5,4.5,89,30,20,15,10,10,3,40,25,15,5,10,20,40,10,False,False,False,False,True,False,False,False,False,False
46.0,4,2,3.63,89,15,55,25,23,5,0,70,60,0,40,0,10,55,20,False,True,False,False,False,False,False,False,False,False
40.0,3,3,3.58,89,0,17,30,0,14,0,70,45,0,0,0,0,20,0,False,False,False,False,False,True,False,False,False,False
40.0,3,10,4.46,89,5,30,40,5,60,0,80,95,10,15,10,0,50,25,True,False,False,False,False,False,False,False,False,False
52.0,1,2,3.63,89,10,20,30,20,40,10,40,20,50,0,10,10,30,10,False,False,False,False,False,False,True,False,False,False
48.6,4,1,2.0,89,50,65,10,50,0,40,0,70,30,0,15,0,65,40,False,True,False,False,False,False,False,False,False,False
43.0,3,3,3.25,89,20,25,40,50,40,5,70,60,10,10,5,5,30,0,False,False,False,False,True,False,False,False,False,False
40.0,3,21,4.17,89,15,20,15,25,5,5,15,65,5,15,5,10,55,5,False,False,False,False,False,True,False,False,False,False
40.0,2,3,4.0,89,0,80,10,40,5,10,5,30,70,0,0,0,30,10,False,False,False,False,False,False,True,False,False,False
49.0,3,8,3.63,89,65,60,50,70,25,20,45,40,60,55,70,10,60,65,False,True,False,False,False,False,False,False,False,False
40.0,3,23,3.6,89,30,0,20,40,10,5,15,50,10,0,15,10,15,35,False,False,False,False,False,False,False,False,False,True
40.0,4,30,4.34,89,10,25,30,25,5,10,40,20,5,5,15,10,20,0,False,False,False,False,False,True,False,False,False,False
53.0,2,6,3.0,89,15,10,30,60,0,0,40,15,10,0,5,5,20,0,False,True,False,False,False,False,False,False,False,False
50.9,3,8,4.56,89,50,30,10,70,20,15,40,55,60,30,40,40,80,50,False,True,False,False,False,False,False,False,False,False
51.2,2,64,3.89,89,55,35,80,70,35,55,30,65,65,45,85,60,75,70,False,True,False,False,False,False,False,False,False,False
55.0,3,32,3.71,89,70,74,86,83,50,45,79,80,83,78,78,83,83,75,False,False,False,False,False,False,False,False,False,True
47.0,4,2,5.0,89,55,60,30,70,45,55,65,65,35,50,55,40,70,65,False,True,False,False,False,False,False,False,False,False
45.9,4,5,3.55,89,65,80,20,85,15,45,60,50,60,40,60,40,40,30,False,True,False,False,False,False,False,False,False,False
44.0,4,55,3.75,89,30,40,40,25,30,15,50,55,15,0,0,15,40,0,False,False,False,False,False,True,False,False,False,False
47.3,4,11,3.5,89,35,30,45,70,25,30,60,80,50,35,30,65,90,65,False,True,False,False,False,False,False,False,False,False
49.4,4,3,4.42,89,40,60,35,90,20,15,50,60,55,70,20,65,30,40,False,True,False,False,False,False,False,False,False,False
44.0,2,63,3.68,89,60,80,45,50,30,40,50,50,65,40,40,50,65,33,False,True,False,False,False,False,False,False,False,False
40.0,2,5,4.2,89,26,32,62,58,75,32,70,84,28,18,63,26,82,69,False,False,False,False,False,True,False,False,False,False
40.0,2,14,3.64,89,25,52,78,34,65,23,52,72,32,22,61,17,67,60,False,False,False,False,False,False,False,False,False,True
45.0,3,11,4.03,89,75,75,70,40,50,40,80,65,60,65,75,35,30,30,False,False,True,False,False,False,False,False,False,False
40.0,2,16,3.91,89,15,40,30,70,30,15,70,83,45,30,20,50,80,50,False,False,False,False,False,False,True,False,False,False
40.0,2,220,3.87,89,58,70,70,60,40,44,56,68,60,0,72,0,64,26,False,False,False,False,False,False,False,False,False,True
49.0,3,4,3.5,89,75,60,30,75,10,30,40,76,80,40,10,50,60,30,False,True,False,False,False,False,False,False,False,False
47.0,2,16,4.08,89,80,70,75,55,30,40,70,60,80,68,45,30,55,33,False,True,False,False,False,False,False,False,False,False
40.0,3,213,3.74,89,5,10,30,15,20,5,80,60,10,3,0,10,25,3,False,False,False,False,False,True,False,False,False,False
40.0,2,26,3.75,89,55,60,45,60,25,10,30,80,40,30,35,15,70,30,False,False,False,False,False,False,False,False,False,True
40.0,2,9,3.69,89,25,60,60,70,60,35,70,50,80,65,65,75,75,40,False,False,False,False,False,False,True,False,False,False
40.0,4,18,4.05,89,10,25,35,50,15,5,70,40,25,30,0,15,50,15,False,False,False,False,False,True,False,False,False,False
40.0,3,17,3.81,89,25,60,10,65,25,25,55,15,40,25,10,30,10,0,False,True,False,False,False,False,False,False,False,False
40.0,2,3,2.5,88,5,5,20,15,5,0,40,30,15,0,5,10,30,10,False,False,False,False,False,False,False,False,False,True
40.0,5,10,4.44,88,0,35,40,40,15,30,55,65,10,0,0,35,25,0,False,False,False,False,False,False,False,True,False,False
40.0,3,3,4.13,88,10,45,30,75,15,45,40,35,10,10,15,30,15,0,False,False,False,False,False,True,False,False,False,False
40.0,2,42,3.89,88,0,15,20,25,10,5,80,75,5,0,0,15,40,0,False,False,False,False,False,True,False,False,False,False
40.0,1,4,4.25,88,5,15,40,30,10,10,60,25,15,15,10,20,20,10,False,False,False,False,False,False,True,False,False,False
40.0,2,8,4.09,88,10,10,30,20,10,5,75,70,18,5,0,30,40,0,False,False,False,False,False,False,False,False,True,False
40.0,3,1,5.0,88,35,35,35,70,15,40,55,65,0,10,25,35,10,0,False,False,False,False,False,True,False,False,False,False
40.0,2,61,4.28,88,0,30,40,65,25,40,40,40,20,0,0,40,20,0,False,False,False,False,False,False,True,False,False,False
42.0,2,9,3.52,88,35,45,20,80,30,10,70,20,10,10,35,35,15,0,False,True,False,False,False,False,False,False,False,False
40.0,3,3,4.92,88,5,65,45,20,15,0,55,80,60,35,45,0,20,20,False,False,True,False,False,False,False,False,False,False
40.0,3,11,3.98,88,10,15,30,40,10,5,35,25,10,5,25,0,20,25,False,False,False,False,False,True,False,False,False,False
40.0,3,94,3.33,88,5,10,30,25,5,5,40,40,20,10,0,15,20,5,False,False,False,False,False,False,False,False,False,True
40.0,2,6,4.54,88,5,10,40,20,15,0,70,65,10,0,0,15,40,0,False,False,False,False,False,False,False,False,False,True
40.0,2,2,3.63,88,10,15,40,25,10,0,70,70,25,10,30,10,50,5,False,True,False,False,False,False,False,False,False,False
40.0,2,6,4.54,88,0,15,30,15,5,0,60,70,20,0,0,10,60,30,False,False,False,False,False,False,True,False,False,False
40.0,4,2,4.0,88,50,70,75,40,20,80,80,70,0,0,55,0,50,0,False,False,False,False,False,False,False,True,False,False
43.0,3,3,3.5,88,80,70,75,55,10,35,90,85,15,30,45,0,45,0,True,False,False,False,False,False,False,False,False,False
45.3,2,16,3.68,88,20,30,20,10,30,10,30,10,15,10,10,0,10,0,False,True,False,False,False,False,False,False,False,False
47.9,2,21,4.01,88,10,30,40,10,20,10,40,20,30,10,0,10,20,15,False,True,False,False,False,False,False,False,False,False
40.0,3,1,3.5,88,50,5,20,25,0,0,40,40,10,0,0,10,30,0,False,True,False,False,False,False,False,False,False,False
40.0,2,1,5.0,88,0,10,0,50,0,5,40,20,20,0,0,15,40,0,False,False,False,False,False,False,True,False,False,False
40.0,2,2,3.75,88,30,50,20,30,10,10,60,40,0,0,10,10,40,0,False,False,False,False,False,False,False,False,False,True
48.0,3,29,3.84,88,30,15,15,40,50,10,50,20,20,20,10,0,70,10,False,True,False,False,False,False,False,False,False,False
40.0,2,63,4.02,88,5,20,60,20,15,10,30,10,40,20,10,10,10,0,False,False,False,False,False,False,False,False,False,True
47.0,4,20,3.9,88,75,80,80,65,25,25,70,30,30,10,25,20,40,15,False,True,False,False,False,False,False,False,False,False
47.0,2,20,4.26,88,65,65,30,50,30,35,70,50,50,55,30,20,70,15,False,True,False,False,False,False,False,False,False,False
40.0,2,12,3.31,88,90,78,80,67,0,20,40,43,60,20,60,0,64,39,False,False,True,False,False,False,False,False,False,False
40.0,2,289,3.89,88,30,40,60,55,15,15,40,20,20,15,20,5,60,40,False,False,False,False,False,False,False,False,False,True
50.0,2,24,4.09,88,5,10,70,80,15,5,30,60,30,20,10,10,10,15,False,False,False,False,False,False,True,False,False,False
40.0,3,13,4.06,88,5,10,40,40,10,0,70,60,5,0,0,20,60,0,False,False,False,False,False,False,False,False,False,True
40.0,3,19,3.92,88,50,70,75,40,50,65,40,65,20,45,60,25,65,30,False,False,True,False,False,False,False,False,False,False
40.0,2,7,4.08,88,67,65,60,71,28,20,54,45,70,63,74,10,62,66,False,True,False,False,False,False,False,False,False,False
40.0,3,25,3.66,88,57,57,75,80,65,69,84,70,75,70,84,30,73,89,False,False,False,False,False,False,True,False,False,False
40.0,2,88,3.8,88,10,10,35,25,5,0,40,60,20,5,5,0,50,0,False,False,False,False,False,True,False,False,False,False
40.0,3,18,3.82,88,15,20,40,35,5,0,60,50,20,10,0,10,60,0,False,False,False,False,False,False,False,False,False,True
40.0,2,14,3.79,88,10,35,35,40,40,15,65,65,40,35,20,10,35,0,False,False,False,False,False,False,False,False,False,True
40.0,2,15,3.77,88,10,20,45,30,10,5,40,40,20,10,15,15,35,5,False,False,False,False,False,False,False,False,False,True
40.0,3,2,5.0,88,0,58,57,86,25,20,81,78,64,72,71,50,82,60,False,False,False,False,False,False,False,False,False,True
47.9,2,20,3.8,88,40,25,5,35,10,25,25,35,60,20,25,65,35,10,False,True,False,False,False,False,False,False,False,False
40.0,2,32,4.27,88,5,40,10,40,5,5,20,15,50,30,20,25,20,0,False,False,False,False,False,False,True,False,False,False
40.0,4,2,3.5,87,3,10,25,15,5,0,60,50,15,0,5,5,25,0,False,False,False,False,False,False,False,False,True,False
40.0,3,2,3.63,87,50,60,65,70,15,40,50,20,0,0,10,20,10,0,False,False,False,False,False,False,False,False,False,True
40.0,2,2,4.0,87,5,15,40,30,0,3,50,40,15,5,0,25,30,0,False,False,False,False,False,False,False,False,False,True
40.0,3,22,3.71,87,10,10,40,70,30,30,40,40,20,20,0,40,80,40,False,False,False,False,False,True,False,False,False,False
42.0,3,2,3.63,87,40,10,20,70,30,70,50,40,60,20,10,30,80,20,False,True,False,False,False,False,False,False,False,False
40.0,4,14,4.55,87,10,35,30,45,30,35,40,65,10,0,15,35,45,0,False,False,False,False,False,False,False,True,False,False
40.0,3,1,4.5,87,0,50,35,55,30,50,45,40,0,0,0,30,50,0,False,False,False,False,False,True,False,False,False,False
43.0,4,1,2.5,87,5,20,20,25,10,5,70,70,0,5,10,10,50,5,False,False,False,False,False,False,False,False,False,True
43.0,4,1,4.75,87,70,30,40,60,40,10,30,50,70,0,20,50,10,20,False,True,False,False,False,False,False,False,False,False
40.0,2,40,4.24,87,0,10,20,15,0,5,30,25,15,15,10,10,35,5,False,False,False,False,False,False,True,False,False,False
43.0,2,10,3.89,87,25,10,30,20,5,5,50,70,20,10,10,20,40,15,False,True,False,False,False,False,False,False,False,False
48.0,3,1,5.0,87,5,20,50,40,10,25,60,40,30,0,0,10,30,0,False,True,False,False,False,False,False,False,False,False
40.0,2,1,5.0,87,5,5,30,40,20,10,60,70,15,0,0,20,50,0,False,False,False,False,False,False,True,False,False,False
46.4,2,18,3.91,87,0,20,20,10,40,20,40,10,30,10,10,10,25,0,False,True,False,False,False,False,False,False,False,False
40.0,2,48,3.54,87,45,25,30,70,30,10,75,60,15,10,15,20,65,0,False,True,False,False,False,False,False,False,False,False
46.0,2,20,4.34,87,60,50,50,60,40,10,40,20,10,20,60,0,30,10,False,True,False,False,False,False,False,False,False,False
40.0,2,7,4.5,87,0,5,30,20,0,0,40,50,10,0,0,25,40,15,False,False,False,False,False,False,True,False,False,False
40.0,2,3,3.92,87,0,15,20,60,0,0,30,30,20,10,0,50,30,0,False,False,False,False,False,False,True,False,False,False
46.0,3,3,3.67,87,10,5,25,40,0,0,40,30,20,0,0,10,30,0,False,True,False,False,False,False,False,False,False,False
47.3,4,8,3.68,87,50,60,40,20,20,10,50,20,30,0,5,5,15,0,False,True,False,False,False,False,False,False,False,False
40.0,2,2,4.88,87,5,10,40,40,15,10,25,25,10,5,5,10,35,25,False,False,False,False,False,False,True,False,False,False
45.0,3,67,3.77,87,0,25,10,60,10,35,40,40,45,35,0,35,35,15,False,False,False,False,False,False,True,False,False,False
46.0,3,10,3.68,87,60,20,40,50,20,0,75,40,0,15,5,0,40,10,False,True,False,False,False,False,False,False,False,False
40.0,1,193,3.69,87,15,52,35,62,10,10,20,67,25,25,10,10,65,15,False,False,False,False,False,False,False,False,False,True
40.0,3,13,4.13,87,25,60,15,35,20,10,40,10,40,25,25,0,15,0,False,True,False,False,False,False,False,False,False,False
40.0,2,5,3.85,87,20,10,30,15,10,5,40,60,10,0,0,0,50,10,False,False,False,False,False,False,False,False,False,True
43.2,2,263,3.92,87,75,65,59,40,30,20,67,58,40,70,50,20,50,15,False,True,False,False,False,False,False,False,False,False
40.0,2,193,3.56,87,0,15,5,80,40,20,40,45,25,25,0,15,55,15,False,False,False,False,False,False,True,False,False,False
40.0,2,20,3.66,87,55,87,50,82,42,15,30,25,60,45,70,50,45,40,False,False,False,False,False,False,True,False,False,False
40.0,2,97,3.58,87,0,25,65,60,15,10,60,20,40,60,20,20,35,15,False,False,False,False,False,False,True,False,False,False
43.0,2,98,3.69,87,45,75,15,50,20,20,45,10,40,10,30,25,15,0,False,True,False,False,False,False,False,False,False,False
52.0,3,2,4.5,86,0,10,30,25,0,3,20,20,15,5,0,10,20,0,False,False,False,False,False,False,True,False,False,False
40.0,5,4,4.88,86,0,40,35,55,15,45,55,60,0,0,0,30,30,0,False,False,False,False,False,True,False,False,False,False
40.0,2,2,3.0,86,5,15,25,15,5,3,30,40,10,5,5,0,20,10,False,False,False,False,False,True,False,False,False,False
45.5,3,8,4.44,86,20,35,38,25,10,35,50,45,0,0,0,55,35,0,False,False,False,False,False,False,False,False,False,True
45.0,4,1,5.0,86,25,35,60,55,15,40,45,30,10,0,0,35,40,0,False,False,False,False,False,False,False,False,False,True
40.0,3,1,4.0,86,0,10,10,5,5,0,60,70,0,15,0,5,40,5,False,False,False,False,False,False,False,False,False,True
40.0,4,32,3.94,86,30,50,40,20,40,70,60,40,20,30,0,40,80,20,False,False,False,False,False,False,False,False,False,True
42.0,5,3,4.5,86,10,50,60,90,20,40,30,40,40,10,20,30,70,80,False,True,False,False,False,False,False,False,False,False
40.0,2,31,4.22,86,10,20,30,50,40,40,30,30,50,0,0,60,80,40,False,False,False,False,False,False,True,False,False,False
40.0,4,8,3.97,86,30,0,30,70,40,60,50,40,10,20,0,30,70,20,False,False,False,False,False,False,False,False,False,True
40.0,2,1,4.25,86,5,25,20,20,15,20,30,25,20,10,20,20,30,10,False,False,False,False,False,False,False,False,False,True
40.0,4,42,4.3,86,50,20,80,60,75,20,70,85,45,40,10,70,80,60,False,False,False,False,False,True,False,False,False,False
40.0,2,1,3.0,86,10,10,40,50,5,5,60,60,10,0,10,20,40,0,False,False,False,False,False,False,False,False,False,True
40.0,3,5,4.0,86,15,15,50,30,5,5,60,40,5,5,10,0,60,0,False,False,True,False,False,False,False,False,False,False
40.0,2,7,4.79,86,15,10,35,10,10,5,70,70,0,0,0,10,50,15,False,False,False,False,False,False,False,False,False,True
40.0,3,28,3.73,86,5,20,20,30,10,0,10,25,20,0,10,0,15,5,False,False,False,False,False,False,False,False,False,True
40.0,3,2,4.38,86,20,20,30,25,10,5,30,30,5,5,15,5,25,20,False,False,False,False,False,True,False,False,False,False
40.0,2,2,4.5,86,20,15,35,40,10,5,25,30,5,5,10,5,30,25,False,False,False,False,False,False,False,False,False,True
42.0,3,38,4.02,86,15,25,50,15,20,20,45,50,10,10,0,20,35,0,False,False,False,False,False,False,False,False,False,True
40.0,2,9,3.97,86,50,55,85,80,75,50,90,80,40,65,60,50,80,45,False,False,False,False,False,True,False,False,False,False
40.0,3,4,4.63,86,30,80,78,68,75,45,85,88,70,40,60,45,83,79,False,False,False,False,False,True,False,False,False,False
40.0,3,59,4.11,86,0,10,40,20,20,0,80,80,0,0,0,10,80,0,False,False,False,False,False,True,False,False,False,False
40.0,1,213,3.63,86,15,56,30,68,10,10,15,60,52,51,15,10,63,20,False,False,False,False,False,False,True,False,False,False
40.0,2,4,3.67,86,40,82,85,84,78,40,70,64,87,80,81,35,55,82,False,False,False,False,False,False,True,False,False,False
40.0,2,9,3.81,86,25,10,40,5,10,0,60,50,10,0,0,0,30,0,False,False,False,False,False,False,False,False,False,True
40.0,1,158,3.25,86,0,75,35,36,60,48,20,50,15,0,42,35,80,22,False,False,False,False,False,False,True,False,False,False
40.0,2,6,3.71,86,15,40,5,25,15,45,45,15,20,5,10,45,30,5,False,False,False,False,False,False,True,False,False,False
40.0,1,8,4.28,86,5,5,20,25,5,15,5,5,10,10,5,15,20,10,False,False,False,False,False,False,True,False,False,False
40.0,4,2,3.0,86,40,50,60,40,0,10,60,30,0,0,0,0,20,0,False,False,False,False,False,True,False,False,False,False
40.0,4,1,4.75,85,0,15,20,15,0,0,50,30,25,15,5,10,40,0,False,False,False,False,False,False,False,False,False,True
48.0,4,2,4.13,85,20,55,75,65,0,40,45,50,10,0,0,35,0,0,False,False,False,False,False,True,False,False,False,False
40.0,5,1,5.0,85,10,35,55,60,10,35,45,40,15,0,0,20,15,10,False,False,False,False,False,True,False,False,False,False
40.0,3,6,3.71,85,0,10,25,10,0,3,50,30,5,0,0,0,20,0,False,False,False,False,False,False,False,False,False,True
40.0,2,4,4.06,85,45,75,30,80,10,55,15,25,20,25,10,10,30,0,False,True,False,False,False,False,False,False,False,False
40.0,5,9,4.33,85,10,40,70,55,25,50,40,40,0,0,0,55,30,0,False,False,False,False,False,False,False,False,False,True
40.0,3,5,4.05,85,0,15,60,20,10,0,60,50,10,0,0,0,30,0,False,False,False,False,False,True,False,False,False,False
40.0,2,6,3.79,85,10,0,30,70,60,40,50,80,20,40,0,30,60,30,False,False,False,False,False,False,False,False,False,True
40.0,2,202,3.62,85,10,10,20,70,60,30,30,40,50,10,40,20,60,30,False,False,False,False,False,False,True,False,False,False
40.0,3,1,4.5,85,60,40,70,80,75,50,70,40,40,20,50,30,30,10,False,False,False,False,False,False,False,False,False,True
40.0,2,11,3.89,85,0,55,25,0,7,40,35,15,25,50,0,0,0,0,False,False,False,False,False,True,False,False,False,False
40.0,3,18,3.83,85,21,48,55,45,68,19,70,83,43,38,48,12,35,25,False,False,False,False,False,True,False,False,False,False
42.7,2,5,3.7,85,10,10,35,15,10,0,70,80,10,10,0,15,20,10,False,False,True,False,False,False,False,False,False,False
40.0,2,3,3.33,85,0,20,25,35,15,5,50,40,5,10,10,30,50,0,False,False,False,False,False,False,True,False,False,False
42.0,3,26,4.03,85,65,60,20,50,0,60,30,60,20,10,10,0,10,0,False,True,False,False,False,False,False,False,False,False
45.0,2,37,4.18,85,70,40,50,20,0,10,30,40,15,10,0,20,30,5,False,True,False,False,False,False,False,False,False,False
40.0,2,2,3.0,85,0,5,5,20,0,0,50,60,15,0,0,10,50,10,False,False,False,False,False,False,True,False,False,False
48.0,2,9,4.67,85,60,60,40,30,0,50,40,20,30,0,20,10,20,0,False,True,False,False,False,False,False,False,False,False
40.0,2,19,3.39,85,0,20,15,40,0,5,40,10,25,0,0,15,50,0,False,False,False,False,False,False,True,False,False,False
40.0,2,1,3.0,85,0,5,30,50,0,0,50,20,10,0,0,15,40,0,False,False,False,False,False,False,False,False,False,True
40.0,1,1,3.5,85,10,10,15,25,5,10,15,10,10,5,10,5,5,10,False,False,False,False,False,False,False,False,False,True
40.0,2,7,3.79,85,10,0,50,20,10,0,60,70,0,0,0,15,50,0,False,False,False,False,False,False,False,False,False,True
42.0,3,18,3.21,85,20,80,45,90,70,40,50,25,60,45,60,75,35,15,False,False,False,True,False,False,False,False,False,False
43.0,2,47,3.74,85,25,20,10,65,30,35,60,50,50,25,20,30,40,0,False,True,False,False,False,False,False,False,False,False
40.0,4,4,4.25,85,22,52,60,57,24,58,28,26,50,16,30,17,46,48,False,False,False,False,False,False,False,False,False,True
40.0,2,3,3.83,85,10,0,40,20,10,0,80,75,0,0,0,0,60,5,False,False,False,False,False,True,False,False,False,False
40.0,2,6,3.58,85,5,10,30,40,0,0,5,30,10,5,0,0,50,5,False,False,False,False,False,False,True,False,False,False
40.0,2,69,3.72,85,10,10,20,40,5,5,15,20,60,40,0,25,30,0,False,False,False,False,False,False,True,False,False,False
40.0,2,4,4.31,85,0,40,90,75,50,40,94,70,75,89,80,75,85,74,False,False,False,False,False,False,True,False,False,False
40.0,2,2,3.63,85,0,10,35,30,30,35,40,25,10,10,10,45,30,0,False,False,False,False,False,False,False,False,False,True
40.0,2,4,3.69,85,10,10,15,25,5,10,15,10,10,5,10,5,5,10,False,False,False,False,False,False,False,False,False,True
40.0,3,2,3.63,84,0,25,30,30,60,10,60,55,10,0,0,0,25,0,False,False,False,False,False,False,False,False,False,True
40.0,3,5,4.25,84,0,10,30,40,45,25,60,55,0,0,0,30,45,0,False,False,False,False,False,True,False,False,False,False
45.1,2,2,3.63,84,30,20,20,90,70,50,30,30,20,0,10,60,90,70,False,True,False,False,False,False,False,False,False,False
40.0,2,3,2.83,84,0,5,10,20,15,0,70,80,0,0,0,15,50,0,False,False,False,False,False,False,False,False,False,True
40.0,4,1,4.0,84,20,45,45,45,15,20,60,60,0,0,0,35,0,0,False,False,False,False,False,True,False,False,False,False
40.0,3,18,4.13,84,0,10,30,80,60,30,20,40,20,10,10,50,80,40,False,False,False,False,False,False,True,False,False,False
45.0,3,2,4.25,84,0,15,30,0,10,0,20,55,0,0,0,50,50,0,False,False,False,False,False,True,False,False,False,False
42.0,3,7,3.88,84,65,85,30,60,20,55,55,20,25,25,25,30,20,0,False,True,False,False,False,False,False,False,False,False
40.0,2,4,4.0,84,10,75,15,15,10,5,10,85,5,30,5,5,60,5,False,True,False,False,False,False,False,False,False,False
40.0,2,4,3.94,84,0,10,10,10,20,20,25,20,10,0,5,15,20,0,False,False,False,False,False,False,False,False,False,True
40.0,3,94,3.88,84,0,35,15,50,35,30,40,55,25,10,0,45,30,10,False,False,False,False,False,False,True,False,False,False
40.0,3,4,3.38,84,10,10,30,0,10,0,60,70,0,0,0,0,50,0,False,False,False,False,False,False,False,False,False,True
40.0,1,9,2.94,84,5,60,40,70,20,30,20,30,60,0,0,0,50,40,False,False,False,False,False,False,True,False,False,False
40.0,3,46,4.31,84,30,45,35,60,15,10,30,65,20,25,25,10,55,30,False,False,False,False,False,False,False,True,False,False
50.3,3,23,4.12,84,70,65,75,50,60,70,70,35,75,60,70,55,30,30,False,True,False,False,False,False,False,False,False,False
40.0,2,4,4.38,84,0,20,10,70,10,5,40,40,15,5,0,20,40,0,False,False,False,False,False,False,True,False,False,False
40.0,2,29,3.66,84,30,70,92,74,40,85,83,71,60,20,60,58,50,0,False,False,False,False,False,True,False,False,False,False
40.0,3,4,3.94,84,20,10,30,15,20,0,80,80,10,5,0,5,60,5,False,False,False,False,False,True,False,False,False,False
40.0,2,2,3.88,84,40,68,78,65,75,30,81,83,68,70,81,40,74,30,False,False,False,False,False,True,False,False,False,False
46.0,2,7,4.5,84,40,10,60,20,30,5,70,60,15,10,5,15,35,10,False,True,False,False,False,False,False,False,False,False
40.0,2,13,3.44,84,0,5,30,20,10,0,25,40,20,5,0,10,70,0,False,False,False,False,False,False,True,False,False,False
40.0,2,24,3.59,84,0,0,78,40,0,40,90,85,45,65,40,60,86,68,False,False,False,False,False,False,False,False,False,True
40.0,2,56,3.5,84,5,20,10,40,15,15,45,40,5,5,20,5,50,30,False,False,False,False,False,True,False,False,False,False
40.0,1,96,3.59,84,20,25,15,60,15,20,40,35,15,10,15,10,30,25,False,False,False,False,False,False,False,False,False,True
40.0,3,18,3.8,84,63,69,84,64,83,77,85,86,64,67,81,63,74,65,False,False,False,False,False,False,False,True,False,False
40.0,2,68,3.45,84,0,35,79,40,0,0,84,93,57,83,30,0,78,77,False,False,False,False,False,False,True,False,False,False
40.0,2,83,3.98,84,5,35,70,50,20,5,45,65,10,5,20,5,75,65,False,False,False,False,False,True,False,False,False,False
42.0,2,367,3.59,84,90,75,85,75,60,10,65,20,40,45,60,10,50,60,False,True,False,False,False,False,False,False,False,False
40.0,2,155,3.68,84,65,75,50,90,50,40,65,40,35,60,65,45,35,30,False,False,False,False,False,False,True,False,False,False
40.0,3,55,3.77,84,10,20,65,40,35,35,60,87,36,0,34,74,83,20,False,False,False,False,False,True,False,False,False,False
