name,type,cask,location,age,abv %,cost,badge,# ratings,community rating,flavor summary,expert,expert score,smoky,earthy,spicy,herbal,oily,bitter,rich,sweet,mineral,salty,umami,tart,fruity,floral
4 COPAS TEQUILA BLANCO,TEQUILA BLANCO,UNAGED,"JALISCO, MEXICO",UNAGED,40.0,2,4 COPAS ,44,4.37,RICH & FRUITY,JACK ROBERTIELLO,98,0,40,40,45,10,0,70,25,20,10,25,20,65,50
MEZCAL LOS SIETE MISTERIOS PECHUGA,MEZCAL JOVEN,NONE,"OAXACA, MEXICO",NAS,58.5,5,LOS SIETE MISTERIOS ,37,4.41,FRUITY & SWEET,OMARI WHEAT,98,40,40,40,75,25,15,70,75,60,20,10,40,80,70
DEL MAGUEY ARROQUEÑO MEZCAL,MEZCAL JOVEN,unknown,"OAXACA, MEXICO",unknown,49.0,4,DEL MAGUEY ,71,4.5,TART & HERBAL,OMARI WHEAT,98,75,60,60,90,65,30,70,80,80,50,40,90,85,60
FUENTESECA RESERVA EXTRA AÑEJO TEQUILA 9 AÑOS,TEQUILA EXTRA AÑEJO,AMERICAN OAK EX-RED WINE BARRELS (85%) AND USED FRENCH OAK (15%),"LOS ALTOS, JALISCO, MEXICO",9 YEAR,43.0,5,FUENTESECA ,8,4.11,FRUITY & RICH,DUNCAN MCROBERTS,98,70,65,75,30,65,15,80,55,30,55,55,20,90,30
MIJENTA TEQUILA AÑEJO GRAN RESERVA,TEQUILA AÑEJO,"AMERICAN WHITE OAK, FRENCH OAK, FRENCH ACACIA BARRELS, CHERRY OAK CASKS","LOS ALTOS, JALISCO, MEXICO",NAS,40.0,5,MIJENTA ,7,4.25,HERBAL & SPICY,STEPHANIE MORENO,97,10,20,55,55,15,35,50,30,0,0,0,45,30,0
CLASE AZUL TEQUILA REPOSADO,TEQUILA REPOSADO,unknown,"LOS ALTOS, JALISCO, MEXICO",NAS,40.0,4,CLASE AZUL ,836,4.59,RICH & FRUITY,BROCK SCHULTE,97,78,87,87,79,70,81,96,87,70,81,83,79,91,85
DULCE VIDA EXTRA AÑEJO TEQUILA,TEQUILA EXTRA AÑEJO,EX-RED WINE BARRELS,"LOS ALTOS, JALISCO, MEXICO",5 YEAR,50.0,4,DULCE VIDA ,31,4.31,RICH & SPICY,RON BECHTOL,97,5,20,70,45,30,5,80,60,15,10,30,5,15,15
TEQUILA TAPATIO EXCELENCIA GRAN RESERVA LOT 1,TEQUILA EXTRA AÑEJO,"NEW, CHARRED AMERICAN OAK; RESTED IN GLASS","LOS ALTOS, JALISCO, MEXICO",NAS,40.0,5,TEQUILA TAPATIO ,52,4.78,RICH & SWEET,AMANDA SCHUSTER,97,25,20,40,40,15,0,80,75,5,5,0,15,60,0
FORTALEZA AÑEJO TEQUILA,TEQUILA AÑEJO,USED WHISKEY AMERICAN OAK,"TEQUILA VALLEY, JALISCO, MEXICO",NAS,40.0,4,TEQUILA FORTALEZA ,120,4.36,RICH & SWEET,AMANDA SCHUSTER,97,10,15,30,20,15,0,75,60,10,5,0,5,40,0
EL JOLGORIO ARROQUEÑO MEZCAL,MEZCAL JOVEN,UNAGED,"OAXACA, MEXICO",NAS,53.7,5,EL JOLGORIO ,17,4.52,FRUITY & SWEET,OMARI WHEAT,97,30,40,30,65,10,40,85,90,35,0,0,40,99,35
EL TESORO 85TH ANNIVERSARY EXTRA AÑEJO TEQUILA,TEQUILA EXTRA AÑEJO,EX-BOOKER'S BOURBON 30TH ANNIVERSARY BARRELS,"LOS ALTOS, JALISCO, MEXICO",NAS,42.5,5,EL TESORO ,2,4.13,HERBAL & SPICY,STEPHANIE MORENO,96,35,50,65,70,10,50,55,45,10,0,0,25,20,35
FORTALEZA BLANCO STILL STRENGTH TEQUILA,TEQUILA BLANCO,UNAGED,"TEQUILA VALLEY, JALISCO, MEXICO",NAS,46.0,3,TEQUILA FORTALEZA ,38,4.45,RICH,AMANDA SCHUSTER,96,5,15,15,25,20,5,60,50,10,5,10,10,40,0
DON AMADO AÑEJO MEZCAL,MEZCAL AÑEJO,AMERICAN WHITE OAK - EX PEDRO DOMECQ BRANDY,"OAXACA, MEXICO",NAS,43.5,3,DON AMADO ,11,4.2,FRUITY & SWEET,JOHN RANKIN,96,75,45,45,10,15,10,55,85,75,70,65,65,90,35
GRAN PATRÓN BURDEOS AÑEJO TEQUILA,TEQUILA AÑEJO,AMERICAN AND FRENCH OAK FINISHED IN EX BORDEAUX WINE BARRELS,"LOS ALTOS, JALISCO, MEXICO",NAS,40.0,5,GRAN PATRÓN ,29,4.79,RICH,ANNA ARCHIBALD,96,20,45,0,0,8,0,95,5,0,15,0,0,25,0
ARTA TEQUILA EXTRA AÑEJO,TEQUILA EXTRA AÑEJO,"EX-BOURBON, EX-SHERRY, AND EX-COGNAC","TEQUILA VALLEY, JALISCO, MEXICO",5 YEAR,43.0,4,ARTA TEQUILA ,13,4.58,RICH & SWEET,AMANDA SCHUSTER,96,25,25,40,50,10,5,70,60,0,0,0,20,50,20
REAL MINERO BARRIL MEZCAL,MEZCAL JOVEN,UNAGED,"OAXACA, MEXICO",NAS,49.9,4,REAL MINERO ,26,4.26,HERBAL & EARTHY,OMARI WHEAT,96,90,90,45,90,20,30,85,75,35,25,70,35,50,0
MEZCAL PIERDE ALMAS WILD TEPEXTATE,MEZCAL JOVEN,unknown,"OAXACA, MEXICO",NAS,50.0,4,MEZCAL PIERDE ALMAS ,7,4.14,SMOKY,RON BECHTOL,96,45,35,30,35,10,10,25,5,30,20,30,10,15,15
SOTOL POR SIEMPRE,SOTOL,UNAGED,"CHIHUAHUA, MEXICO",NAS,45.0,2,POR SIEMPRE ,54,4.05,EARTHY & FRUITY,DISTILLER STAFF,96,74,82,42,52,64,66,22,70,63,9,18,0,81,72
KOCH EL MEZCAL COYOTE,MEZCAL JOVEN,unknown,unknown,unknown,47.0,4,unknown,6,4.1,FRUITY & MINERAL,OMARI WHEAT,96,40,30,35,70,10,20,40,70,70,60,15,65,70,60
TEARS OF LLORONA EXTRA AÑEJO TEQUILA,TEQUILA EXTRA AÑEJO,"FORMER SCOTCH, SHERRY, AND COGNAC BARRELS","LOS ALTOS, JALISCO, MEXICO",NAS,43.0,5,TEARS OF LLORONA ,101,4.71,RICH & SPICY,RON BECHTOL,96,20,60,75,30,50,5,80,35,20,10,40,5,65,35
T1 TEQUILA REPOSADO EXCEPCIONAL,TEQUILA REPOSADO,EX-WHISKY,"LOS ALTOS, JALISCO, MEXICO",NAS,40.0,3,T1 TEQUILA UNO ,11,4.43,SPICY & FRUITY,RON BECHTOL,96,40,70,75,60,30,10,60,70,40,20,25,10,70,35
CORRALEJO REPOSADO TEQUILA,TEQUILA REPOSADO,"FRENCH, AMERICAN, AND WHITE OAK",unknown,unknown,40.0,2,unknown,434,4.08,RICH,AMANDA SCHUSTER,96,25,30,40,20,15,5,60,40,25,15,10,0,40,5
CHINACO AÑEJO TEQUILA,TEQUILA AÑEJO,unknown,"TAMAULIPAS, MEXICO",NAS,40.0,3,CHINACO ,44,4.05,RICH & OILY,DUNCAN MCROBERTS,96,65,60,75,70,85,25,85,30,60,65,60,30,35,20
EL JOLGORIO TOBALÁ MEZCAL,MEZCAL JOVEN,UNAGED,"OAXACA, MEXICO",NAS,47.0,4,EL JOLGORIO ,41,4.59,FRUITY & SWEET,OMARI WHEAT,96,75,60,60,70,40,25,90,90,0,55,25,65,99,30
DON FULANO 20TH ANNIVERSARY EDITION,TEQUILA AÑEJO,"EX-OLOROSO, EX-AMONTILLADO, EX-BURGUNDY FRENCH OAK","LOS ALTOS, JALISCO, MEXICO",NAS,44.4,5,DON FULANO ,1,5.0,RICH,AMANDA SCHUSTER,95,3,15,10,15,15,0,70,30,0,5,10,0,10,0
CASA DRAGONES REPOSADO MIZUNARA,TEQUILA REPOSADO,MIZUNARA JAPANESE OAK,"TEQUILA VALLEY, JALISCO, MEXICO",NAS,40.0,5,CASA DRAGONES ,3,4.25,HERBAL & SPICY,STEPHANIE MORENO,95,0,25,65,80,30,25,60,45,25,10,0,25,30,0
LOS VECINOS DEL CAMPO ESPADIN MEZCAL,MEZCAL JOVEN,UNAGED,"OAXACA, MEXICO",NAS,45.0,2,LOS VECINOS DEL CAMPO ,41,3.81,UMAMI,JACK ROBERTIELLO,95,30,50,50,30,25,30,40,40,10,30,60,40,50,10
DON AMADO LARGO MEZCAL,MEZCAL JOVEN,UNAGED,"OAXACA, MEXICO",NAS,46.0,4,DON AMADO ,10,4.19,UMAMI & MINERAL,FORREST COKELY,95,65,68,78,77,64,31,58,59,80,63,82,42,70,72
PATRÓN CASK COLLECTION SHERRY AÑEJO,TEQUILA AÑEJO,SHERRY BUTTS,"LOS ALTOS, JALISCO, MEXICO",NAS,40.0,4,PATRÓN ,3,4.0,SWEET & RICH,BRAD JAPHE,95,5,43,10,25,25,19,60,70,19,10,28,15,25,40
MEZCALES DE LEYENDA PUEBLA,MEZCAL JOVEN,UNAGED,"PUEBLA, MEXICO",NAS,48.0,4,MEZCAL DE LEYENDAS ,15,3.85,SWEET & SALTY,JOHN RANKIN,95,35,15,65,10,0,0,55,89,80,80,20,0,70,30
123 ORGANIC EXTRA AÑEJO DIABLITO TEQUILA,TEQUILA EXTRA AÑEJO,"NEW, CHARRED FRENCH OAK","JALISCO, MEXICO",NAS,40.0,5,123 SPIRITS ,19,4.61,SWEET & RICH,AMANDA SCHUSTER,95,15,10,20,20,20,0,70,70,0,15,0,10,40,5
DEL MAGUEY PECHUGA MEZCAL,MEZCAL JOVEN,UNAGED,"OAXACA, MEXICO",NAS,49.0,5,DEL MAGUEY ,65,4.44,SPICY & RICH,KELLEY SLAGLE,95,40,40,70,45,35,0,55,50,15,0,20,0,40,0
WAHAKA MEZCAL TOBALÁ,MEZCAL JOVEN,UNAGED,"OAXACA, MEXICO",NAS,42.0,3,WAHAKA MEZCAL ,18,4.38,HERBAL & FLORAL,DANIEL DJANG,95,45,45,30,80,25,10,55,60,40,35,60,10,65,75
WAHAKA MEZCAL JOVEN MADRE CUISHE,MEZCAL JOVEN,UNAGED,"OAXACA, MEXICO",NAS,42.0,3,WAHAKA MEZCAL ,17,4.09,MINERAL & EARTHY,DANIEL DJANG,95,45,75,35,70,20,10,35,30,75,35,65,10,60,30
DON PILAR EXTRA AÑEJO TEQUILA,TEQUILA EXTRA AÑEJO,AMERICAN WHITE OAK AND FRENCH LIMOUSIN OAK,"LOS ALTOS, JALISCO, MEXICO",NAS,40.0,5,DON PILAR ,6,4.45,RICH & SWEET,AMANDA SCHUSTER,95,10,10,50,25,15,0,85,75,0,0,0,5,40,0
FUENTESECA RESERVA EXTRA AÑEJO TEQUILA 21 AÑOS,TEQUILA EXTRA AÑEJO,unknown,unknown,unknown,43.5,5,unknown,4,4.81,SWEET,JACOB GRIER,95,0,15,25,10,10,0,30,30,15,10,5,0,20,0
MEZCAL VAGO TOBALÁ,MEZCAL JOVEN,UNAGED,"OAXACA, MEXICO",NAS,51.0,4,MEZCAL VAGO ,25,4.33,HERBAL & MINERAL,DUNCAN MCROBERTS,95,65,65,70,85,60,50,70,50,70,65,60,45,55,65
DON JULIO AÑEJO TEQUILA,TEQUILA AÑEJO,unknown,unknown,unknown,40.0,3,unknown,494,4.22,RICH & SPICY,RON BECHTOL,95,30,45,60,45,20,5,75,55,20,10,25,5,55,30
DULCE VIDA AÑEJO 100 PROOF TEQUILA,TEQUILA AÑEJO,AMERICAN OAK EX-BOURBON,"LOS ALTOS, JALISCO, MEXICO",NAS,50.0,2,DULCE VIDA ,31,4.3,RICH & SPICY,RON BECHTOL,95,5,20,60,50,25,5,70,55,15,5,20,5,15,15
ESPÍRITU LAURO AÑEJO MEZCAL,MEZCAL AÑEJO,unknown,unknown,unknown,40.0,4,unknown,7,3.64,RICH & SPICY,AMANDA SCHUSTER,95,40,30,60,30,30,5,80,50,15,20,5,10,25,0
T1 TEQUILA BLANCO ULTRA FINO,TEQUILA BLANCO,unknown,"LOS ALTOS, JALISCO, MEXICO",NAS,40.0,2,T1 TEQUILA UNO ,11,4.54,FRUITY & SPICY,RON BECHTOL,95,30,60,75,70,25,10,50,65,50,30,10,15,75,45
GRAN CENTENARIO PLATA TEQUILA,TEQUILA BLANCO,FRENCH LIMOUSIN OAK,"JALISCO, MEXICO",NAS,40.0,2,GRAN CENTENARIO ,94,4.1,FRUITY & SWEET,AMANDA SCHUSTER,95,10,10,30,40,20,0,70,70,10,0,5,5,75,10
TEQUILA OCHO REPOSADO LAS POMEZ 2009,TEQUILA REPOSADO,TEQUILA-SEASONED AMERICAN OAK EX-AMERICAN WHISKEY BARRELS,"LOS ALTOS, JALISCO, MEXICO",unknown,40.0,3,TEQUILA OCHO ,7,4.64,HERBAL & SWEET,DANIEL DJANG,95,40,60,40,70,35,10,30,60,30,25,15,20,50,55
SIEMBRA AZUL 10TH ANNIVERSARY REPOSADO TEQUILA,TEQUILA REPOSADO,"NEW, WHITE MISSOURI OAK","JALISCO, MEXICO",NAS,40.0,2,SIEMBRA AZUL ,9,4.72,RICH & SPICY,AMANDA SCHUSTER,95,5,0,70,30,0,10,80,60,15,0,0,25,50,0
TEQUILA OCHO PLATA MIRANDILLAS PUNTAS DISTILLER'S CUT 2024,TEQUILA BLANCO,unknown,"LOS ALTOS, JALISCO, MEXICO",NAS,54.0,3,TEQUILA OCHO ,2,4.5,HERBAL & EARTHY,STEPHANIE MORENO,94,5,65,35,85,35,50,60,55,45,10,10,45,55,0
PRÓSPERO BLANCO TEQUILA,TEQUILA BLANCO,UNAGED,"TEQUILA VALLEY, JALISCO, MEXICO",NAS,40.0,2,PRÓSPERO ,9,3.59,SPICY,ANNA ARCHIBALD,94,0,17,60,30,15,0,35,25,0,20,0,25,30,25
TEQUILA EL MAYOR SINGLE ESTATE LOS LOBOS PLANTATION BLANCO,TEQUILA BLANCO,UNAGED,"JALISCO, MEXICO",NAS,40.0,4,TEQUILA EL MAYOR ,6,4.0,RICH & SPICY,JOHN RANKIN,94,5,55,75,70,5,0,80,45,60,65,20,5,60,5
DON AMADO PECHUGA MEZCAL,MEZCAL JOVEN,UNAGED,"OAXACA, MEXICO",NAS,46.0,4,DON AMADO ,3,4.5,UMAMI & FRUITY,FORREST COKELY,94,42,65,80,63,59,28,63,60,74,57,89,38,82,68
DON AMADO ARROQUEÑO MEZCAL,MEZCAL JOVEN,UNAGED,"OAXACA, MEXICO",NAS,47.0,4,DON AMADO ,7,3.96,UMAMI & MINERAL,FORREST COKELY,94,65,66,73,77,59,33,62,54,80,61,82,55,76,76
SOTOL COYOTE BLANCO CHIHUAHUA,SOTOL,unknown,"CHIHUAHUA, MEXICO",NAS,48.0,3,COYOTE ,10,4.18,UMAMI & EARTHY,JOHN RANKIN,94,55,85,55,15,10,0,65,35,80,75,90,5,65,60
4 COPAS TEQUILA AÑEJO,TEQUILA AÑEJO,AMERICAN OAK,"JALISCO, MEXICO",NAS,40.0,3,4 COPAS ,12,4.46,SPICY,JACK ROBERTIELLO,94,0,20,55,25,15,5,50,20,15,0,10,0,45,15
DON PILAR REPOSADO TEQUILA,TEQUILA REPOSADO,VIRGIN WHITE OAK,"LOS ALTOS, JALISCO, MEXICO",NAS,40.0,2,DON PILAR ,1,4.75,SWEET & RICH,AMANDA SCHUSTER,94,5,15,40,0,15,0,70,70,5,0,0,20,40,0
ARTA TEQUILA AÑEJO,TEQUILA AÑEJO,EX-BOURBON,"TEQUILA VALLEY, JALISCO, MEXICO",NAS,40.0,2,ARTA TEQUILA ,7,4.48,RICH,AMANDA SCHUSTER,94,20,20,40,40,20,5,70,50,0,0,5,0,30,0
SIEMBRA METL CENIZO MEZCAL,MEZCAL JOVEN,NONE,"MICHOACAN, MEXICO",NAS,48.0,3,SIEMBRA METL ,7,3.61,HERBAL & EARTHY,OMARI WHEAT,94,70,80,65,80,40,20,75,75,60,40,50,50,65,25
GRACIAS A DIOS MEZCAL TOBALÁ,MEZCAL JOVEN,unknown,"OAXACA, MEXICO",NAS,45.0,3,GRACIAS A DIOS ,14,4.33,SMOKY & RICH,AMANDA SCHUSTER,94,80,40,60,50,20,15,60,30,10,0,20,10,25,0
TEQUILA SAN MATIAS GRAN RESERVA EXTRA AÑEJO,TEQUILA EXTRA AÑEJO,"EX-BOURBON, FRENCH OAK","LOS ALTOS, JALISCO, MEXICO",NAS,40.0,3,TEQUILA SAN MATIAS ,48,4.38,RICH & SWEET,AMANDA SCHUSTER,94,10,5,30,30,15,0,85,80,0,0,0,20,50,10
WAHAKA MEZCAL JOVEN ENSAMBLE,MEZCAL JOVEN,unknown,"OAXACA, MEXICO",NAS,40.0,3,WAHAKA MEZCAL ,12,4.6,HERBAL & FLORAL,DANIEL DJANG,94,50,70,35,75,25,10,45,35,70,35,60,10,60,70
ILEGAL MEZCAL AÑEJO,MEZCAL AÑEJO,NEW & USED AMERICAN OAK,"OAXACA, MEXICO",NAS,40.0,4,ILEGAL MEZCAL ,90,4.26,SMOKY & RICH,AMANDA SCHUSTER,94,70,25,40,20,5,5,60,30,10,15,0,0,10,0
TEQUILA LAPIS PLATINUM,TEQUILA BLANCO,unknown,"LOS ALTOS, JALISCO, MEXICO",NAS,40.0,2,TEQUILA LAPIS ,2,4.0,FLORAL,RON BECHTOL,94,10,10,25,15,20,5,15,35,5,5,5,5,25,35
FUENTESECA RESERVA EXTRA AÑEJO TEQUILA 12 AÑOS,TEQUILA EXTRA AÑEJO,unknown,unknown,unknown,45.0,5,unknown,3,4.5,RICH,JACOB GRIER,94,10,20,40,15,30,0,60,20,15,10,10,0,30,0
AVIÓN RESERVA 44 EXTRA AÑEJO,TEQUILA EXTRA AÑEJO,OAK BARRELS,"LOS ALTOS, JALISCO, MEXICO",NAS,40.0,4,AVIÓN ,131,4.42,RICH & SPICY,PAUL BELBUSTI,94,60,70,75,60,40,10,90,50,60,45,60,20,65,30
LA VENENOSA COSTA RAICILLA (GREEN LABEL),RAICILLA,UNAGED,"JALISCO, MEXICO",NAS,45.5,3,LA VENENOSA ,26,4.11,HERBAL & EARTHY,OMARI WHEAT,94,45,90,25,90,35,25,60,65,50,40,35,40,45,15
DON JULIO BLANCO TEQUILA,TEQUILA BLANCO,unknown,unknown,unknown,40.0,2,unknown,384,3.95,SPICY & FRUITY,RON BECHTOL,94,25,30,80,65,10,5,30,15,20,15,10,10,75,50
BRUXO NO. 4 ENSAMBLE MEZCAL,MEZCAL JOVEN,unknown,unknown,unknown,46.0,4,unknown,16,4.05,RICH & SPICY,AMANDA SCHUSTER,94,60,20,60,40,20,10,75,30,10,25,5,0,40,10
EL JOLGORIO ESPADÍN MEZCAL,MEZCAL JOVEN,unknown,unknown,NAS,47.8,4,unknown,31,4.42,HERBAL & SMOKY,DANIEL DJANG,94,74,72,55,77,25,10,62,15,67,60,72,10,20,35
MEZCAL DE LAS HORMIGAS,MEZCAL JOVEN,unknown,unknown,unknown,40.0,2,unknown,3,1.0,SWEET,AMANDA SCHUSTER,94,25,10,20,50,15,0,30,60,10,5,5,0,40,10
T1 TEQUILA AÑEJO ESTELAR,TEQUILA AÑEJO,EX-WHISKY,"LOS ALTOS, JALISCO, MEXICO",NAS,40.0,3,T1 TEQUILA UNO ,10,4.5,SWEET & EARTHY,RON BECHTOL,94,45,75,70,50,40,5,70,75,35,15,30,5,60,30
DEL MAGUEY CHICHICAPA MEZCAL,MEZCAL JOVEN,UNAGED,"OAXACA, MEXICO",unknown,46.0,3,DEL MAGUEY ,255,4.32,RICH & SWEET,OMARI WHEAT,94,70,70,70,60,30,25,80,75,50,70,65,30,50,20
EXPRESIONES DEL CORAZÓN OLD RIP VAN WINKLE AÑEJO TEQUILA,TEQUILA AÑEJO,unknown,unknown,unknown,40.0,3,unknown,11,4.64,RICH,AMANDA SCHUSTER,94,15,5,35,30,10,0,60,50,10,0,0,0,40,0
FORTALEZA BLANCO TEQUILA,TEQUILA BLANCO,unknown,"TEQUILA VALLEY, JALISCO, MEXICO",NAS,40.0,2,TEQUILA FORTALEZA ,266,4.45,FRUITY,STEPHANIE MORENO,94,0,45,20,50,30,30,50,50,40,20,10,30,50,10
TEQUILA TAPATIO AÑEJO,TEQUILA AÑEJO,EX-BOURBON,"LOS ALTOS, JALISCO, MEXICO",NAS,40.0,2,TEQUILA TAPATIO ,25,3.74,RICH & SWEET,AMANDA SCHUSTER,94,0,10,40,30,20,0,80,70,15,0,0,0,30,0
MEZCALERO NO. 10,MEZCAL JOVEN,unknown,unknown,unknown,46.7,4,unknown,6,4.0,OILY & FRUITY,STEPHANIE MORENO,94,50,50,5,15,65,25,45,25,25,25,25,50,60,5
TEQUILA ARTENOM SELECCIÓN DE 1580 BLANCO,TEQUILA BLANCO,UNAGED,"LOS ALTOS, JALISCO, MEXICO",NAS,40.0,2,TEQUILA ARTENOM ,7,4.43,HERBAL,STEPHANIE MORENO,94,10,30,20,85,15,20,40,35,25,15,40,30,40,0
AZUÑIA AÑEJO TEQUILA,TEQUILA AÑEJO,AMERICAN OAK,"JALISCO, MEXICO",NAS,40.0,2,AZUÑIA ,21,4.41,SPICY,RON BECHTOL,94,20,25,50,40,25,5,35,20,5,5,35,5,15,15
AZUÑIA REPOSADO ORGANIC TEQUILA,TEQUILA REPOSADO,AMERICAN OAK,"JALISCO, MEXICO",NAS,40.0,2,AZUÑIA ,24,4.09,SPICY,RON BECHTOL,94,20,20,50,45,20,5,30,25,5,5,30,5,20,15
LALO HIGH PROOF TEQUILA,TEQUILA BLANCO,unknown,"JALISCO, MEXICO",NAS,54.0,3,LALO TEQUILA ,1,4.0,RICH,AMANDA SCHUSTER,93,3,10,8,10,0,5,50,30,25,20,8,15,35,5
EXPRESIONES DEL CORAZÓN FRENCH OAK AÑEJO TEQUILA (2023 COLLECTION),TEQUILA AÑEJO,EX-OLD CHARTER OAK FRENCH OAK BOURBON BARRELS,"LOS ALTOS, JALISCO, MEXICO",NAS,40.0,3,EXPRESIONES DEL CORAZÓN ,1,4.25,RICH,AMANDA SCHUSTER,93,0,8,25,20,10,0,70,35,10,8,15,15,30,5
CIERTO TEQUILA PRIVATE COLLECTION EXTRA AÑEJO,TEQUILA EXTRA AÑEJO,FRENCH LIMOUSIN OAK,"JALISCO, MEXICO",NAS,40.0,5,CIERTO ,4,3.83,SWEET,AMANDA SCHUSTER,93,5,10,20,10,15,2,50,50,5,5,8,0,15,0
DON JULIO ROSADO,TEQUILA REPOSADO,RUBY PORT WINE CASKS,"LOS ALTOS, JALISCO, MEXICO",NAS,40.0,4,DON JULIO ,6,3.54,RICH & HERBAL,STEPHANIE MORENO,93,0,20,25,55,10,35,55,35,20,0,0,45,45,10
FORTALEZA REPOSADO WINTER BLEND 2022,TEQUILA REPOSADO,"AMERICAN OAK, EX-TOKAJI, EX-OLOROSO SHERRY","TEQUILA VALLEY, JALISCO, MEXICO",NAS,43.5,4,TEQUILA FORTALEZA ,5,4.5,RICH,AMANDA SCHUSTER,93,3,10,30,15,20,0,70,35,0,5,0,10,40,5
EL LUCHADOR REPOSADO TEQUILA,TEQUILA REPOSADO,WHITE OAK BARRELS,"LOS ALTOS, JALISCO, MEXICO",NAS,40.0,2,EL LUCHADOR ,2,4.25,RICH,STEPHANIE MORENO,93,15,40,30,40,35,40,50,25,25,10,10,45,0,40
BOZAL GUÍAS DE CALABAZA SACRIFICIO,MEZCAL JOVEN,unknown,MEXICO,NAS,47.0,4,BOZAL ,2,4.63,FRUITY & HERBAL,JAKE EMEN,93,60,10,20,80,20,30,50,40,60,30,20,40,80,20
OAX ORIGINAL TEPEZTATE,MEZCAL JOVEN,unknown,"OAXACA, MEXICO",NAS,44.0,5,OAX ORIGINAL ,3,4.83,HERBAL & FLORAL,JAKE EMEN,93,40,30,30,90,60,50,40,40,40,20,40,50,40,80
HERRADURA LEGEND TEQUILA,TEQUILA AÑEJO,"GROOVED, HEAVILY-CHARRED AMERICAN WHITE OAK","TEQUILA VALLEY, JALISCO, MEXICO",NAS,40.0,4,HERRADURA ,28,4.03,RICH & HERBAL,STEPHANIE MORENO,93,45,55,45,65,15,55,65,60,15,0,20,45,10,0
CINCORO AÑEJO,TEQUILA AÑEJO,EX-AMERICAN WHISKEY BARRELS,"JALISCO, MEXICO",NAS,40.0,4,CINCORO ,52,4.27,RICH & SWEET,JAKE EMEN,93,40,30,30,60,30,40,90,80,10,50,20,20,20,0
DON JULIO REPOSADO DOUBLE CASK LAGAVULIN FINISH,TEQUILA REPOSADO,FINISHED IN LAGAVULIN CASKS,"LOS ALTOS, JALISCO, MEXICO",NAS,40.0,3,DON JULIO ,43,4.28,RICH & SPICY,ANNA ARCHIBALD,93,25,30,65,17,10,0,85,30,0,10,0,10,15,0
EL TESORO EXTRA AÑEJO 80TH ANNIVERSARY,TEQUILA EXTRA AÑEJO,AMERICAN OAK EX-BOURBON,"LOS ALTOS, JALISCO, MEXICO",8 YEAR,41.5,5,EL TESORO ,8,4.63,SPICY,STEPHANIE MORENO,93,15,20,85,40,15,15,15,40,0,0,15,30,20,0
MEZCALES DE LEYENDA SAN LUIS POTOSÍ,MEZCAL JOVEN,UNAGED,"SAN LUIS POTOSÍ, MEXICO",NAS,42.0,3,MEZCAL DE LEYENDAS ,10,4.28,SPICY & SALTY,JOHN RANKIN,93,15,20,88,60,5,0,75,70,80,80,15,10,70,20
PASOTE TEQUILA BLANCO,TEQUILA BLANCO,UNAGED,"LOS ALTOS, JALISCO, MEXICO",NAS,40.0,2,PASOTE ,37,4.17,FRUITY & SWEET,FORREST COKELY,93,0,51,61,67,70,11,65,72,71,42,61,22,72,51
HERRADURA COLECCIÓN DE LA CASA RESERVA 2016 PORT CASK FINISHED REPOSADO,TEQUILA REPOSADO,AMERICAN WHITE OAK AND VINTAGE PORT,"JALISCO, MEXICO",NAS,40.0,4,HERRADURA ,10,4.45,SPICY,RON BECHTOL,93,20,30,45,40,20,5,40,25,5,10,10,5,25,20
REY CAMPERO CUISHE MEZCAL,MEZCAL JOVEN,UNAGED,"OAXACA, MEXICO",NAS,48.1,3,REY CAMPERO ,19,4.17,FRUITY,AMANDA SCHUSTER,93,40,20,40,25,5,0,50,50,20,20,0,20,60,30
TEQUILA ORGULLO PUEBLO VIEJO AÑEJO,TEQUILA AÑEJO,"EX-BOURBON, FRENCH OAK","JALISCO , MEXICO",NAS,40.0,2,PUEBLO VIEJO ,6,4.88,RICH & SWEET,AMANDA SCHUSTER,93,15,10,30,5,10,0,75,70,0,0,0,20,40,0
EL JOLGORIO CUIXE MEZCAL,MEZCAL JOVEN,unknown,"OAXACA, MEXICO",NAS,47.0,4,EL JOLGORIO ,18,4.49,RICH,JACOB GRIER,93,20,20,30,10,30,0,60,20,30,0,0,10,20,0
TEQUILA OCHO AÑEJO EL VERGEL 2007,TEQUILA AÑEJO,USED WHISKEY BARRELS,"LOS ALTOS, JALISCO, MEXICO",NAS,40.0,4,TEQUILA OCHO ,3,4.31,SPICY,KELLEY SLAGLE,93,10,20,70,10,30,0,50,40,10,0,0,5,45,25
MEZCAL PIERDE ALMAS TOBAZICHE,MEZCAL JOVEN,unknown,"OAXACA, MEXICO",NAS,48.0,4,PIERDE ALMAS ,13,4.55,EARTHY & UMAMI,DANIEL DJANG,93,60,80,65,70,30,25,45,65,70,65,75,10,60,70
EL TESORO AÑEJO TEQUILA,TEQUILA AÑEJO,EX-BOURBON,"LOS ALTOS, JALISCO, MEXICO",NAS,40.0,4,EL TESORO ,114,4.08,SWEET,STEPHANIE MORENO,93,15,30,35,35,30,15,45,50,15,10,10,35,15,0
DON FULANO REPOSADO TEQUILA,TEQUILA REPOSADO,NEW AND USED FRENCH LIMOUSIN OAK,"TEQUILA VALLEY, JALISCO, MEXICO",NAS,40.0,3,DON FULANO ,23,4.23,RICH,AMANDA SCHUSTER,93,5,10,20,20,5,5,50,25,15,5,12,15,30,5
TEQUILA LAPIS AÑEJO,TEQUILA AÑEJO,FRENCH OAK,"LOS ALTOS, JALISCO, MEXICO",unknown,40.0,3,TEQUILA LAPIS ,5,4.3,FLORAL,RON BECHTOL,93,10,15,20,15,15,5,30,30,5,5,15,5,20,30
FUENTESECA RESERVA EXTRA AÑEJO TEQUILA 18 AÑOS,TEQUILA EXTRA AÑEJO,unknown,unknown,unknown,43.5,5,unknown,2,5.0,SWEET,JACOB GRIER,93,0,10,15,10,20,0,50,50,10,0,5,0,15,0
REY CAMPERO MEXICANO MEZCAL,MEZCAL JOVEN,unknown,"OAXACA, MEXICO",NAS,48.6,4,REY CAMPERO ,22,4.33,FRUITY,RON BECHTOL,93,25,20,30,30,25,5,25,35,15,10,20,5,35,25
MEZCAL VAGO BLANCO Y NEGRA,MEZCAL JOVEN,UNAGED,"OAXACA, MEXICO",NAS,51.6,4,MEZCAL VAGO ,2,3.5,OILY & EARTHY,DUNCAN MCROBERTS,93,70,85,80,65,85,55,80,40,40,60,80,35,20,40
KOCH EL MEZCAL LUMBRE,MEZCAL JOVEN,UNAGED,"OAXACA, MEXICO",NAS,47.0,4,KOCH EL MEZCAL ,5,4.45,RICH & HERBAL,OMARI WHEAT,93,60,75,65,75,30,40,85,55,45,40,20,35,70,15
CLASE AZUL TEQUILA PLATA,TEQUILA BLANCO,UNAGED,"LOS ALTOS, JALISCO, MEXICO",NAS,40.0,3,CLASE AZUL ,91,4.14,SWEET & RICH,BROCK SCHULTE,93,0,81,63,84,40,60,88,91,76,70,71,75,86,75
DEL MAGUEY SAN JOSE RIO MINAS MEZCAL,MEZCAL JOVEN,UNAGED,"OAXACA, MEXICO",unknown,48.0,4,DEL MAGUEY ,4,4.38,FRUITY & SWEET,OMARI WHEAT,93,45,15,30,60,20,30,70,80,30,25,15,65,90,70
MEZCAL MARCA NEGRA DOBADÁN,MEZCAL JOVEN,unknown,unknown,unknown,48.0,4,unknown,11,4.55,HERBAL & SMOKY,DISTILLER STAFF,93,84,43,67,90,42,80,30,60,22,16,80,55,70,34
MARCA NEGRA TOBALÁ MEZCAL,MEZCAL JOVEN,unknown,unknown,unknown,48.0,4,unknown,31,4.64,RICH & SALTY,OMARI WHEAT,93,60,55,35,45,40,30,80,70,50,73,50,50,60,10
MEZCAL LOS SIETE MISTERIOS ARROQUEÑO,MEZCAL JOVEN,unknown,"OAXACA, MEXICO",NAS,48.7,4,LOS SIETE MISTERIOS ,13,4.38,TART & FRUITY,OMARI WHEAT,93,50,65,40,65,35,45,55,60,75,35,20,80,75,45
ESPÍRITU LAURO REPOSADO MEZCAL,MEZCAL REPOSADO,AMERICAN OAK EX-WHISKEY,"OAXACA, MEXICO",NAS,40.0,3,ESPÍRITU LAURO ,4,4.75,SWEET & RICH,AMANDA SCHUSTER,93,30,10,30,10,20,0,60,60,10,10,5,0,35,0
TEQUILA GRAN DOVEJO REPOSADO,TEQUILA REPOSADO,unknown,unknown,unknown,40.0,2,unknown,1,4.25,FRUITY & SPICY,DISTILLER STAFF,93,20,40,78,27,29,32,50,72,24,23,46,40,82,40
EL JIMADOR AÑEJO TEQUILA,TEQUILA AÑEJO,unknown,unknown,unknown,40.0,1,unknown,107,3.76,RICH & OILY,DISTILLER STAFF,93,28,70,0,55,84,58,84,70,12,0,78,42,67,70
TEQUILA OCHO EXTRA AÑEJO SAN AGUSTIN 2009,TEQUILA EXTRA AÑEJO,unknown,"LOS ALTOS, JALISCO, MEXICO",unknown,40.0,5,TEQUILA OCHO ,14,4.52,RICH & FLORAL,BROCK SCHULTE,93,30,75,85,40,73,0,90,83,67,81,81,60,89,89
TEQUILA OCHO PLATA EL PUERTECITO 2011,TEQUILA BLANCO,unknown,"LOS ALTOS, JALISCO, MEXICO",unknown,40.0,2,TEQUILA OCHO ,2,4.63,MINERAL & FLORAL,DANIEL DJANG,93,10,35,30,60,30,10,20,62,80,55,10,15,65,72
123 ORGANIC REPOSADO (DOS) TEQUILA,TEQUILA REPOSADO,unknown,unknown,unknown,40.0,3,unknown,42,4.26,HERBAL & FRUITY,RYAN CONKLIN,93,68,75,74,84,75,68,76,78,72,78,78,70,82,71
123 ORGANIC AÑEJO (TRES) TEQUILA,TEQUILA AÑEJO,WHITE OAK,"TEQUILA VALLEY, JALISCO, MEXICO",NAS,40.0,3,123 SPIRITS ,49,4.45,RICH & SPICY,RYAN CONKLIN,93,58,68,82,73,76,73,89,75,70,74,77,64,77,72
SIETE LEGUAS BLANCO TEQUILA,TEQUILA BLANCO,UNAGED,"LOS ALTOS, JALISCO, MEXICO",NAS,40.0,2,SIETE LEGUAS ,98,4.12,RICH,STEPHANIE MORENO,93,15,50,10,40,20,15,65,45,20,15,5,15,30,0
CAMBIO BLANCO TEQUILA,TEQUILA BLANCO,USED FRENCH OAK WINE BARRELS,"JALISCO, MEXICO",NAS,46.0,2,CAMBIO TEQUILA ,unknown,unknown,RICH,AMANDA SCHUSTER,92,0,20,25,30,10,10,40,30,15,5,5,10,30,10
CIERTO TEQUILA PRIVATE COLLECTION AÑEJO,TEQUILA AÑEJO,FRENCH LIMOUSIN OAK,"JALISCO, MEXICO",NAS,40.0,5,CIERTO ,2,2.63,RICH,AMANDA SCHUSTER,92,3,15,20,10,5,3,60,35,10,0,0,0,10,0
MIJENTA TEQUILA REPOSADO,TEQUILA REPOSADO,"AMERICAN WHITE OAK, FRENCH OAK, FRENCH ACACIA CASKS","LOS ALTOS, JALISCO, MEXICO",NAS,40.0,3,MIJENTA ,19,3.95,HERBAL,STEPHANIE MORENO,92,10,45,35,60,20,35,40,40,20,10,15,40,35,0
FORTALEZA REPOSADO WINTER BLEND 2021,TEQUILA REPOSADO,"AMERICAN OAK, EUROPEAN OAK EX-MARSALA","JALISCO, MEXICO",NAS,46.3,5,TEQUILA FORTALEZA ,4,4.38,RICH & SWEET,AMANDA SCHUSTER,92,10,15,40,20,10,5,85,70,10,5,8,20,30,5
DON JULIO ULTIMA RESERVA EXTRA AÑEJO,TEQUILA EXTRA AÑEJO,EX-BOURBON; FINISHED IN MADEIRA WINE CASKS,"LOS ALTOS, JALISCO, MEXICO",NAS,40.0,5,DON JULIO ,3,4.38,SWEET & BITTER,STEPHANIE MORENO,92,10,30,55,50,10,55,45,55,15,0,10,30,25,0
TEQUILA EL MAYOR EXTRA AÑEJO SHERRY CASK AGED,TEQUILA AÑEJO,SHERRY CASK,"JALISCO, MEXICO",NAS,40.0,4,TEQUILA EL MAYOR ,2,4.25,RICH & SWEET,AMANDA SCHUSTER,92,10,15,15,30,10,3,70,65,20,15,5,25,40,5
THE LOST EXPLORER MEZCAL TOBALÁ,MEZCAL JOVEN,unknown,"OAXACA, MEXICO",NAS,42.0,5,THE LOST EXPLORER ,3,4.83,EARTHY & UMAMI,JAKE EMEN,92,20,80,40,50,20,60,30,30,30,10,70,30,20,0
SEVERO TEQUILA PLATA,TEQUILA BLANCO,unknown,"JALISCO, MEXICO",NAS,40.0,2,TEQUILA SEVERO ,2,3.88,FRUITY,AMANDA SCHUSTER,92,0,15,10,20,15,0,50,40,20,0,5,25,60,20
PARTIDA ROBLE FINO AÑEJO,TEQUILA AÑEJO,EX-BOURBON AND EX-SINGLE MALT SHERRY-SEASONED CASKS,"TEQUILA VALLEY, JALISCO, MEXICO",NAS,45.0,4,PARTIDA ,5,4.35,RICH & SWEET,AMANDA SCHUSTER,92,5,15,30,30,5,5,70,65,5,5,10,15,40,5
EL TESORO EXTRA AÑEJO TEQUILA,TEQUILA EXTRA AÑEJO,EX-BOURBON,MEXICO,NAS,40.0,4,EL TESORO ,26,4.49,RICH & EARTHY,ANNA ARCHIBALD,92,0,70,40,10,0,0,90,30,0,0,0,0,35,0
TEQUILA EL MAYOR FRENCH OAK CHARDONNAY CASK FINISH REPOSADO,TEQUILA REPOSADO,FRENCH OAK EX-CHARDONNAY BARRELS,"JALISCO, MEXICO",NAS,40.0,4,TEQUILA EL MAYOR ,4,4.25,SWEET & FRUITY,JOHN RANKIN,92,0,60,35,35,10,0,65,80,0,5,15,5,70,25
MIEL DE TIERRA JOVEN AGAVE SALMIANA,MEZCAL JOVEN,UNAGED,"ZACATECAS, MEXICO",NAS,40.0,3,MIEL DE TIERRA ,unknown,unknown,SPICY & SWEET,JOHN RANKIN,92,5,50,95,40,20,5,20,75,65,60,45,5,65,20
CÓDIGO 1530 BLANCO TEQUILA,TEQUILA BLANCO,UNAGED,"JALISCO, MEXICO",NAS,40.0,2,CÓDIGO 1530 ,67,3.82,FLORAL & HERBAL,COLIN HOWARD,92,30,45,75,90,75,20,80,55,45,35,40,40,65,90
DEL MAGUEY SAN PABLO AMEYALTEPEC,MEZCAL JOVEN,UNAGED,"PUEBLA , MEXICO",NAS,47.0,4,DEL MAGUEY ,16,4.63,FLORAL,RON BECHTOL,92,25,20,30,35,25,5,25,25,15,10,30,5,20,35
PASOTE TEQUILA REPOSADO,TEQUILA REPOSADO,EX-BOURBON AMERICAN OAK,"LOS ALTOS, JALISCO, MEXICO",NAS,40.0,2,PASOTE ,35,4.18,SWEET & RICH,FORREST COKELY,92,15,39,63,56,61,9,68,71,53,39,56,12,55,32
DEL MAGUEY TEPEXTATE MEZCAL,MEZCAL JOVEN,UNAGED,"OAXACA, MEXICO",NAS,45.0,4,DEL MAGUEY ,16,4.41,FRUITY & SWEET,OMARI WHEAT,92,30,30,45,60,20,15,70,80,35,15,20,40,90,40
REY CAMPERO ESPADÍN MEZCAL,MEZCAL JOVEN,NONE,"OAXACA , MEXICO",NAS,48.0,3,REY CAMPERO ,48,3.89,FRUITY,AMANDA SCHUSTER,92,20,10,25,30,5,0,40,40,25,0,0,15,70,40
VILLA LOBOS AÑEJO TEQUILA,TEQUILA AÑEJO,AMERICAN OAK,"LOS ALTOS, JALISCO, MEXICO",NAS,40.0,3,VILLA LOBOS ,2,3.25,RICH & SWEET,OMARI WHEAT,92,40,70,80,40,15,35,85,80,0,0,45,0,40,60
EL LUCHADOR ORGANIC BLANCO TEQUILA (DISCONTINUED),TEQUILA BLANCO,unknown,"JALISCO , MEXICO",NAS,55.0,3,123 SPIRITS ,11,3.65,SWEET,AMANDA SCHUSTER,92,5,20,20,30,10,0,40,60,30,10,15,15,40,0
OCHO CIENTOS SOTOL AÑEJO,SOTOL,EX-TENNESSEE WHISKEY,"CHIHUAHUA, MEXICO",NAS,43.0,3,OCHO CIENTOS ,2,2.5,RICH & SWEET,AMANDA SCHUSTER,92,10,30,30,50,40,0,90,70,0,0,5,0,30,0
MEZCALERO NO. 3,MEZCAL JOVEN,,MEXICO,NAS,47.0,3,MEZCALERO ,4,4.6,EARTHY & SMOKY,KELLEY SLAGLE,92,70,70,10,50,10,40,30,50,50,10,15,0,25,0
GRACIAS A DIOS MEZCAL TEPEXTATE,MEZCAL JOVEN,unknown,"OAXACA, MEXICO",NAS,45.0,3,GRACIAS A DIOS ,12,4.25,HERBAL & SPICY,AMANDA SCHUSTER,92,40,5,60,60,0,0,30,40,20,0,0,20,40,5
GRACIAS A DIOS MEZCAL ESPADÍN REPOSADO,MEZCAL REPOSADO,EX-BOURBON,"OAXACA, MEXICO",NAS,45.0,2,GRACIAS A DIOS ,18,3.96,RICH & SMOKY,AMANDA SCHUSTER,92,60,10,50,30,10,0,60,50,0,0,0,20,40,5
WAHAKA MEZCAL REPOSADO CON GUSANO,MEZCAL REPOSADO,unknown,"OAXACA, MEXICO",NAS,40.0,3,WAHAKA MEZCAL ,25,3.73,HERBAL & FLORAL,DANIEL DJANG,92,60,55,45,70,20,10,40,35,45,40,45,10,35,60
EL JOLGORIO MADRECUIXE MEZCAL,MEZCAL JOVEN,unknown,"OAXACA, MEXICO",NAS,47.0,4,EL JOLGORIO ,17,4.17,RICH,JACOB GRIER,92,10,30,30,10,25,5,30,5,20,10,0,10,20,0
TEQUILA CHAMUCOS REPOSADO,TEQUILA REPOSADO,EX-BOURBON,"JALISCO , MEXICO",NAS,40.0,2,CHAMUCOS ,35,4.26,SWEET & RICH,AMANDA SCHUSTER,92,20,15,30,40,0,5,60,60,10,0,0,0,50,20
DEL MAGUEY MINERO SANTA CATARINA MINAS MEZCAL,MEZCAL JOVEN,UNAGED,"OAXACA, MEXICO",NAS,49.0,3,DEL MAGUEY ,59,4.12,HERBAL & RICH,STEPHANIE MORENO,92,55,45,20,75,20,15,65,50,30,25,30,15,40,10
ALACRÁN CRISTAL TEQUILA,TEQUILA AÑEJO,EX-BOURBON AMERICAN OAK,"LOS ALTOS, JALISCO, MEXICO",NAS,40.0,3,AUTÉNTICO ALACRÁN ,8,4.75,SWEET & HERBAL,RON BECHTOL,92,10,20,30,60,30,0,50,60,0,10,40,0,40,30
DON PILAR AÑEJO TEQUILA,TEQUILA AÑEJO,VIRGIN AMERICAN WHITE OAK,"LOS ALTOS, JALISCO, MEXICO",NAS,40.0,3,DON PILAR ,5,4.1,SWEET & RICH,AMANDA SCHUSTER,92,5,10,30,0,15,0,80,80,0,0,0,5,50,0
DON FULANO BLANCO TEQUILA,TEQUILA BLANCO,unknown,"TEQUILA VALLEY, JALISCO, MEXICO",NAS,40.0,2,DON FULANO ,21,4.18,RICH,AMANDA SCHUSTER,92,0,15,20,30,5,3,40,15,10,5,10,10,20,5
EMBAJADOR SUPREME TEQUILA,TEQUILA AÑEJO,"EX-BOURBON, EX-COGNAC","LOS ALTOS, JALISCO, MEXICO",NAS,40.0,3,EMBAJADOR ,2,4.38,SWEET & RICH,AMANDA SCHUSTER,92,25,15,30,10,10,0,70,70,0,0,0,10,40,5
1800 SELECT SILVER TEQUILA (100 PROOF),TEQUILA BLANCO,unknown,"TEQUILA VALLEY, JALISCO, MEXICO",NAS,50.0,2,1800 TEQUILA ,17,3.12,FRUITY & SWEET,KATRINA NIEMISTO,92,0,10,20,10,0,5,15,60,10,5,5,0,65,40
FUENTESECA RESERVA EXTRA AÑEJO TEQUILA 15 AÑOS,TEQUILA EXTRA AÑEJO,unknown,unknown,unknown,43.0,5,unknown,2,4.0,RICH,JACOB GRIER,92,0,10,30,10,10,0,40,30,10,0,10,0,20,0
FUENTESECA RESERVA EXTRA AÑEJO TEQUILA 7 AÑOS,TEQUILA EXTRA AÑEJO,unknown,unknown,unknown,42.0,5,unknown,9,4.36,SPICY,JACOB GRIER,92,0,10,50,30,20,10,40,10,40,10,10,10,20,0
MEZCAL VAGO CUIXE,MEZCAL JOVEN,UNAGED,"OAXACA, MEXICO",NAS,49.9,4,MEZCAL VAGO ,20,4.37,SMOKY & UMAMI,DUNCAN MCROBERTS,92,95,70,50,70,60,75,65,25,75,70,90,80,35,40
REY CAMPERO JABALÍ MEZCAL,MEZCAL JOVEN,UNAGED,"OAXACA, MEXICO",NAS,49.0,4,REY CAMPERO ,26,4.16,FLORAL,RON BECHTOL,92,25,30,25,30,25,5,30,30,20,15,25,5,30,30
LA VENENOSA SIERRA DEL TIGRE (ORANGE LABEL),RAICILLA,unknown,unknown,unknown,46.0,4,unknown,25,4.25,HERBAL & EARTHY,OMARI WHEAT,92,65,80,50,90,60,40,70,60,50,55,50,45,70,10
FORTALEZA REPOSADO TEQUILA,TEQUILA REPOSADO,USED AMERICAN OAK WHISKEY BARRELS,"TEQUILA VALLEY, JALISCO, MEXICO",NAS,40.0,3,TEQUILA FORTALEZA ,180,4.36,FRUITY & SWEET,OMARI WHEAT,92,30,50,60,45,15,25,60,65,35,30,10,30,70,55
KOCH EL MEZCAL TOBASICHE,MEZCAL JOVEN,unknown,unknown,unknown,47.0,4,unknown,unknown,unknown,HERBAL & SMOKY,OMARI WHEAT,92,85,75,45,85,20,55,65,50,55,60,60,60,65,20
KOCH EL MEZCAL TEPEXTATE,MEZCAL JOVEN,UNAGED,"OAXACA, MEXICO",NAS,47.0,4,KOCH EL MEZCAL ,1,4.0,FRUITY & SWEET,OMARI WHEAT,92,40,40,10,70,25,25,45,70,60,20,10,50,80,35
KOCH EL MEZCAL TOBALÁ,MEZCAL JOVEN,unknown,unknown,unknown,47.0,4,unknown,4,4.31,RICH & FRUITY,OMARI WHEAT,92,50,75,45,65,40,45,90,75,60,70,15,40,85,25
DON JULIO 1942 TEQUILA,TEQUILA AÑEJO,unknown,unknown,unknown,40.0,4,unknown,703,4.48,RICH & SWEET,STEPHANIE MORENO,92,10,10,60,30,5,10,70,65,5,0,0,15,20,0
SCORPION MEZCAL ANEJO TOBALÁ,MEZCAL AÑEJO,unknown,unknown,unknown,40.0,5,unknown,4,2.75,RICH & BITTER,DISTILLER STAFF,92,62,55,64,21,44,70,77,50,42,19,60,0,32,32
MEZCAL MARCA NEGRA ESPADÍN,MEZCAL JOVEN,unknown,unknown,unknown,51.1,3,unknown,38,4.15,SMOKY & FRUITY,DISTILLER STAFF,92,78,21,20,64,44,50,12,62,32,20,63,32,73,29
BRUXO NO. 2 PECHUGA DE MAGUEY MEZCAL,MEZCAL JOVEN,UNAGED,"OAXACA, MEXICO",NAS,46.0,3,BRUXO ,26,4.03,RICH & HERBAL,AMANDA SCHUSTER,92,15,15,30,60,30,5,70,40,5,25,0,0,40,35
CASA NOBLE SINGLE BARREL REPOSADO TEQUILA,TEQUILA REPOSADO,FRENCH LIMOUSIN OAK,"TEQUILA VALLEY, JALISCO, MEXICO",NAS,40.0,3,CASA NOBLE ,16,4.3,SWEET & FRUITY,DANIEL DJANG,92,52,60,30,62,15,10,35,68,25,30,40,10,65,30
ESPOLÒN AÑEJO TEQUILA,TEQUILA AÑEJO,NEW AMERICAN OAK & USED BOURBON BARRELS,"LOS ALTOS, JALISCO, MEXICO",NAS,40.0,2,ESPOLÒN ,189,3.99,SWEET & HERBAL,DISTILLER STAFF,92,32,46,67,70,45,61,55,70,34,20,50,45,55,60
T1 TEQUILA BLANCO SELECTO,TEQUILA BLANCO,unknown,"LOS ALTOS, JALISCO, MEXICO",NAS,43.0,2,T1 TEQUILA UNO ,5,4.7,EARTHY & HERBAL,RON BECHTOL,92,50,85,65,70,40,10,65,50,45,20,40,10,65,30
GRAN CENTENARIO REPOSADO TEQUILA,TEQUILA REPOSADO,FRENCH LIMOUSIN OAK,"JALISCO, MEXICO",NAS,40.0,2,GRAN CENTENARIO ,113,3.92,RICH & SWEET,AMANDA SCHUSTER,92,30,30,50,40,10,5,70,60,0,0,5,0,40,0
HERRADURA AÑEJO TEQUILA,TEQUILA AÑEJO,unknown,unknown,unknown,40.0,3,unknown,281,4.07,FRUITY & RICH,DISTILLER STAFF,92,42,64,70,68,60,42,80,74,44,20,68,22,84,28
EL JIMADOR REPOSADO TEQUILA,TEQUILA REPOSADO,unknown,unknown,unknown,40.0,1,unknown,243,3.48,UMAMI & SWEET,DISTILLER STAFF,92,0,55,38,55,58,72,50,74,35,0,80,60,70,28
EL TESORO BLANCO TEQUILA,TEQUILA BLANCO,UNAGED,"LOS ALTOS, JALISCO, MEXICO",NAS,40.0,2,EL TESORO ,118,4.21,HERBAL & SWEET,OMARI WHEAT,92,15,50,20,85,25,10,70,75,70,30,15,30,50,20
HERENCIA MEXICANA BLANCO TEQUILA,TEQUILA BLANCO,unknown,unknown,unknown,40.0,2,unknown,12,4.57,SWEET & HERBAL,OMARI WHEAT,92,10,60,50,75,30,10,70,80,70,50,20,60,40,50
TEQUILA OCHO EXTRA AÑEJO EL CARRIZAL 2008,TEQUILA AÑEJO,unknown,"LOS ALTOS, JALISCO, MEXICO",unknown,40.0,4,TEQUILA OCHO ,2,5.0,MINERAL & FLORAL,DANIEL DJANG,92,45,50,35,65,65,20,40,60,75,70,10,20,40,70
EXPRESIONES DEL CORAZÓN SAZERAC RYE AÑEJO TEQUILA,TEQUILA AÑEJO,unknown,unknown,unknown,45.0,3,unknown,12,4.65,FRUITY & RICH,AMANDA SCHUSTER,92,10,0,50,30,10,0,60,40,0,5,0,15,60,0
PARTIDA REPOSADO TEQUILA,TEQUILA REPOSADO,EX-JACK DANIEL'S BARRELS,"TEQUILA VALLEY, JALISCO, MEXICO",NAS,40.0,2,PARTIDA ,38,3.68,FRUITY & SWEET,AMANDA SCHUSTER,92,5,20,20,30,5,0,40,60,5,10,0,10,60,15
MEZCAL AMARÁS ESPADÍN JOVEN,MEZCAL JOVEN,unknown,unknown,unknown,41.0,2,unknown,30,3.8,FRUITY & SWEET,AMANDA SCHUSTER,92,40,25,35,15,10,10,20,60,10,5,35,0,65,0
SUERTE AÑEJO TEQUILA,TEQUILA AÑEJO,unknown,unknown,unknown,40.0,3,unknown,19,4.22,SWEET & FRUITY,DANIEL DJANG,92,40,55,50,60,75,10,65,85,25,20,30,20,75,25
TEQUILA OCHO AÑEJO EL PUERTECITO 2011,TEQUILA AÑEJO,unknown,"LOS ALTOS, JALISCO, MEXICO",unknown,40.0,3,TEQUILA OCHO ,4,4.19,SWEET & SALTY,BROCK SCHULTE,92,68,62,75,85,65,40,87,88,83,87,67,60,74,70
TEQUILA ARTENOM SELECCIÓN DE 1549 ORGÁNICO BLANCO,TEQUILA BLANCO,UNAGED,"TEQUILA VALLEY, JALISCO, MEXICO",NAS,40.0,3,TEQUILA ARTENOM ,7,3.96,FRUITY & HERBAL,STEPHANIE MORENO,92,10,10,30,60,15,55,35,50,25,15,30,40,65,10
SIEMBRA VALLES BLANCO TEQUILA,TEQUILA BLANCO,unknown,"TEQUILA VALLEY, JALISCO, MEXICO",NAS,40.0,2,SIEMBRA SPIRITS ,17,4.18,RICH & FRUITY,AMANDA SCHUSTER,92,0,20,50,40,0,10,70,30,40,10,0,30,60,10
EXPRESIONES DEL CORAZÓN BUFFALO TRACE REPOSADO (2ND RELEASE),TEQUILA REPOSADO,EX-BOURBON,"LOS ALTOS, JALISCO, MEXICO",NAS,40.0,3,TEQUILA CORAZÓN ,6,4.21,RICH & EARTHY,AMANDA SCHUSTER,92,30,60,25,40,0,5,60,30,20,0,0,10,30,10
CASAMIGOS REPOSADO TEQUILA,TEQUILA REPOSADO,USED WHISKEY BARRELS,"LOS ALTOS, JALISCO, MEXICO",NAS,40.0,2,CASAMIGOS ,610,4.07,RICH & SWEET,STEPHANIE MORENO,92,15,10,50,35,15,10,70,65,10,10,0,20,15,0
CAMBIO REPOSADO TEQUILA,TEQUILA REPOSADO,"BURGUNDY, BORDEAUX, AND FRENCH OAK CHARDONNAY CASKS","JALISCO, MEXICO",NAS,46.0,3,CAMBIO TEQUILA ,unknown,unknown,FRUITY,AMANDA SCHUSTER,91,0,15,25,30,10,5,40,40,8,3,10,10,40,10
MAYENDA REPOSADO DOUBLE CASK,TEQUILA REPOSADO,"AMERICAN OAK, EUROPEAN OAK","JALISCO, MEXICO",NAS,40.0,3,MAYENDA ,unknown,unknown,RICH,AMANDA SCHUSTER,91,0,10,15,20,10,0,50,40,25,10,5,5,30,8
TEQUILA OCHO PLATA CORRALILLOS 2023,TEQUILA BLANCO,unknown,"LOS ALTOS, JALISCO, MEXICO",NAS,40.0,2,TEQUILA OCHO ,4,4.38,HERBAL & RICH,STEPHANIE MORENO,91,20,40,30,85,10,15,55,20,10,10,0,20,15,0
ALMA DEL JAGUAR BLANCO TEQUILA,TEQUILA BLANCO,unknown,"LOS ALTOS, JALISCO, MEXICO",NAS,40.0,2,ALMA DEL JAGUAR ,4,3.88,FRUITY & MINERAL,JAKE EMEN,91,20,40,50,40,50,70,50,40,80,20,20,50,80,30
MAYENDA TEQUILA BLANCO,TEQUILA BLANCO,unknown,"JALISCO, MEXICO",NAS,40.0,3,MAYENDA ,unknown,unknown,RICH,AMANDA SCHUSTER,91,0,5,30,15,0,0,40,20,8,5,0,5,20,10
CIERTO TEQUILA PRIVATE COLLECTION REPOSADO,TEQUILA REPOSADO,FRENCH LIMOUSIN OAK,"JALISCO, MEXICO",NAS,40.0,4,CIERTO ,2,4.38,SWEET,AMANDA SCHUSTER,91,4,10,25,20,5,0,40,50,5,0,0,5,15,0
DOS HOMBRES TOBALÁ,MEZCAL JOVEN,unknown,MEXICO,NAS,45.0,5,DOS HOMBRES ,unknown,unknown,FLORAL & FRUITY,JAKE EMEN,91,40,20,20,70,70,40,40,30,20,10,0,40,80,90
CÓDIGO 1530 ESTATE HARVEST STILL STRENGTH BLANCO,TEQUILA BLANCO,unknown,"JALISCO, MEXICO",NAS,45.0,3,CÓDIGO 1530 ,2,4.38,HERBAL,STEPHANIE MORENO,91,0,0,20,80,0,20,40,35,15,0,20,20,25,25
TEQUILA ETERNO VERANO AÑEJO,TEQUILA AÑEJO,WHISKEY BARRELS,"TEQUILA VALLEY, JALISCO, MEXICO",NAS,40.0,3,ETERNO VERANO ,1,4.75,RICH,AMANDA SCHUSTER,91,5,15,25,20,10,0,60,50,5,5,0,10,30,5
CALIROSA ROSA BLANCO TEQUILA,TEQUILA BLANCO,CALIFORNIA RED WINE BARRELS,"JALISCO, MEXICO",30 DAYS,40.0,2,CALIROSA ,11,4.23,FRUITY,AMANDA SCHUSTER,91,0,25,20,15,0,5,40,50,15,5,0,15,60,30
VAMONOS RIENDO MEZCAL JOVEN,MEZCAL JOVEN,UNAGED,"OAXACA, MEXICO",NAS,42.0,3,VAMONOS RIENDO ,unknown,unknown,RICH,ANNA ARCHIBALD,91,30,10,0,20,7,0,70,20,0,45,0,25,50,30
VOLCÁN DE MI TIERRA CRISTALINO AÑEJO,TEQUILA AÑEJO,FORMER WHISKY AND COGNAC BARRELS,"TEQUILA VALLEY, JALISCO, MEXICO",NAS,40.0,3,VOLCÁN DE MI TIERRA ,14,4.17,SWEET & FRUITY,JOHN RANKIN,91,5,0,55,10,15,0,55,85,45,55,20,5,65,5
CÓDIGO 1530 ROSA TEQUILA,TEQUILA BLANCO,EX-NAPA CABERNET SAUVIGNON FRENCH WHITE OAK,"JALISCO, MEXICO",NAS,40.0,3,CÓDIGO 1530 ,90,3.89,UMAMI,JACK ROBERTIELLO,91,0,30,25,25,25,0,20,20,20,20,40,10,25,10
DEL MAGUEY WILD PAPALOME MEZCAL,MEZCAL JOVEN,UNAGED,"OAXACA, MEXICO",NAS,45.0,4,DEL MAGUEY ,13,4.38,EARTHY & SMOKY,OMARI WHEAT,91,90,99,50,30,45,45,80,70,25,30,80,0,65,0
DEL MAGUEY ESPADÍN ESPECIAL MEZCAL,MEZCAL JOVEN,UNAGED,"OAXACA, MEXICO",NAS,45.0,4,DEL MAGUEY ,7,3.46,RICH & SMOKY,OMARI WHEAT,91,80,60,45,65,40,25,90,75,15,70,40,20,70,0
MEZCAL MARCA NEGRA ENSAMBLE,MEZCAL JOVEN,NONE,"OAXACA, MEXICO",NAS,47.0,4,MEZCAL MARCA NEGRA ,11,4.05,SMOKY & HERBAL,KELLEY SLAGLE,91,70,60,20,60,0,40,0,50,40,0,28,0,40,10
EL JOLGORIO PECHUGA MEZCAL,MEZCAL JOVEN,unknown,"OAXACA, MEXICO",NAS,48.0,4,EL JOLGORIO ,20,4.52,OILY,JACOB GRIER,91,10,10,20,20,50,10,40,30,20,10,10,10,20,0
WAHAKA MEZCAL ESPADÍN,MEZCAL JOVEN,UNAGED,"OAXACA, MEXICO",NAS,40.0,2,WAHAKA MEZCAL ,64,3.96,HERBAL & UMAMI,DANIEL DJANG,91,65,55,55,70,20,10,45,45,55,45,65,10,60,45
MEZCAL PIERDE ALMAS PECHUGA,MEZCAL JOVEN,unknown,"OAXACA, MEXICO",NAS,51.0,5,PIERDE ALMAS ,7,4.75,UMAMI & FRUITY,DANIEL DJANG,91,65,65,60,65,30,25,60,60,60,65,80,10,75,70
EL TESORO REPOSADO TEQUILA,TEQUILA REPOSADO,EX-BOURBON,"LOS ALTOS, JALISCO, MEXICO",NAS,40.0,3,EL TESORO ,101,3.97,FRUITY,STEPHANIE MORENO,91,5,25,25,35,45,15,45,45,10,10,0,20,45,0
MEZCAL PIERDE ALMAS COYOTE 2014,MEZCAL JOVEN,unknown,unknown,unknown,50.0,4,unknown,unknown,unknown,SMOKY,RON BECHTOL,91,45,30,25,35,10,10,25,5,30,20,30,5,20,15
KOCH EL MEZCAL ARROQUEÑO,MEZCAL JOVEN,unknown,unknown,unknown,47.0,4,unknown,5,3.95,FRUITY & SALTY,OMARI WHEAT,91,60,30,70,55,30,35,75,60,45,75,10,60,85,10
DON JULIO 70 AÑEJO CLARO TEQUILA,TEQUILA AÑEJO,USED AMERICAN OAK,"LOS ALTOS, JALISCO, MEXICO",NAS,40.0,3,DON JULIO ,287,4.25,SWEET & RICH,STEPHANIE MORENO,91,0,15,40,55,25,20,70,75,20,15,10,30,35,10
CASA DRAGONES SIPPING TEQUILA JOVEN,TEQUILA JOVEN,unknown,"TEQUILA VALLEY, JALISCO, MEXICO",NAS,40.0,5,CASA DRAGONES ,75,4.58,FRUITY & SWEET,DUNCAN MCROBERTS,91,55,35,50,25,75,25,60,85,70,80,30,60,90,60
MEZCAL PIERDE ALMAS BOTANICA +9,MEZCAL JOVEN,UNAGED,"OAXACA, MEXICO",NAS,45.0,4,MEZCAL PIERDE ALMAS ,10,4.02,HERBAL & FLORAL,DANIEL DJANG,91,72,67,61,78,52,15,62,65,60,56,61,15,64,76
HERENCIA MEXICANA EXTRA AÑEJO TEQUILA,TEQUILA EXTRA AÑEJO,unknown,unknown,unknown,40.0,4,unknown,3,3.25,SWEET & RICH,OMARI WHEAT,91,30,60,70,35,45,35,90,90,20,35,55,15,85,30
HERENCIA MEXICANA AÑEJO TEQUILA,TEQUILA AÑEJO,unknown,unknown,unknown,40.0,2,unknown,12,4.56,RICH & SWEET,OMARI WHEAT,91,20,65,60,30,30,25,90,85,5,40,45,10,50,30
TEQUILA GRAN DOVEJO BLANCO,TEQUILA BLANCO,unknown,unknown,unknown,40.0,2,unknown,2,3.0,FRUITY & SPICY,DISTILLER STAFF,91,11,26,78,74,19,64,22,68,34,20,6,51,78,28
TEQUILA OCHO AÑEJO LOS CORRALES 2010,TEQUILA AÑEJO,unknown,"LOS ALTOS, JALISCO, MEXICO",unknown,40.0,3,TEQUILA OCHO ,3,4.42,HERBAL & EARTHY,DANIEL DJANG,91,35,65,60,70,25,10,20,55,20,15,10,10,60,60
TEQUILA OCHO PLATA LOS CORRALES 2010,TEQUILA BLANCO,unknown,"LOS ALTOS, JALISCO, MEXICO",NAS,40.0,3,TEQUILA OCHO ,unknown,unknown,HERBAL & MINERAL,DANIEL DJANG,91,15,45,55,75,30,10,40,50,70,30,10,10,60,40
123 ORGANIC BLANCO (UNO) TEQUILA,TEQUILA BLANCO,unknown,unknown,unknown,40.0,2,unknown,34,4.19,FLORAL & MINERAL,RYAN CONKLIN,91,45,81,77,77,74,60,69,72,83,68,74,65,75,88
TEQUILA CABEZA BLANCO,TEQUILA BLANCO,unknown,unknown,unknown,43.0,2,unknown,9,4.17,FRUITY,STEPHANIE MORENO,91,5,20,20,40,50,15,40,30,25,20,5,35,75,0
MEZCAL ALIPÚS SAN ANDRES,MEZCAL JOVEN,unknown,unknown,unknown,46.8,2,unknown,61,4.0,SMOKY,STEPHANIE MORENO,91,65,50,15,45,30,20,35,15,35,25,15,50,25,25
TEQUILA OCHO PLATA MESA COLORADA PUNTAS DISTILLER'S CUT 2023,TEQUILA BLANCO,unknown,"JALISCO, MEXICO",NAS,53.0,3,TEQUILA OCHO ,8,4.44,HERBAL & RICH,STEPHANIE MORENO,90,0,45,45,85,20,25,60,30,20,0,10,20,20,0
EL TESORO MUNDIAL COLLECTION: LAPHROAIG EDITION (2023 RELEASE),TEQUILA AÑEJO,LAPHROAIG 10 YEAR SINGLE MALT CASKS,"LOS ALTOS, JALISCO, MEXICO",NAS,40.0,5,EL TESORO ,4,4.63,HERBAL,STEPHANIE MORENO,90,30,50,30,65,15,30,40,30,15,15,20,10,15,0
PATRÓN EL CIELO,TEQUILA BLANCO,unknown,"LOS ALTOS, JALISCO, MEXICO",NAS,40.0,4,PATRÓN ,5,3.15,FRUITY & HERBAL,STEPHANIE MORENO,90,0,15,30,65,10,35,35,40,35,10,0,45,65,0
NOCHELUNA SOTOL,SOTOL,unknown,"CHIHUAHUA, MEXICO",NAS,43.0,3,NOCHELUNA ,4,4.56,HERBAL & EARTHY,STEPHANIE MORENO,90,30,70,10,85,0,20,50,10,15,0,10,20,20,0
AVIÓN RESERVA CRISTALINO,TEQUILA AÑEJO,AMERICAN OAK,MEXICO,NAS,40.0,4,AVIÓN ,2,3.38,RICH,STEPHANIE MORENO,90,20,40,35,50,25,45,60,45,10,0,0,35,35,0
GRAN CENTENARIO LEYENDA EXTRA AÑEJO,TEQUILA EXTRA AÑEJO,NEW AMERICAN OAK,"JALISCO, MEXICO",NAS,40.0,4,GRAN CENTENARIO ,18,4.23,RICH & SPICY,ANNA ARCHIBALD,90,25,40,55,0,0,15,80,35,15,26,0,0,0,0
LOS VECINOS DEL CAMPO ENSAMBLE NO. 1 MEZCAL,MEZCAL JOVEN,UNAGED,"OAXACA, MEXICO",NAS,45.0,3,LOS VECINOS DEL CAMPO ,3,3.58,EARTHY,ANNA ARCHIBALD,90,15,60,35,50,0,0,30,15,15,30,0,10,20,7
DOS HOMBRES ESPADIN MEZCAL,MEZCAL JOVEN,UNAGED,"OAXACA, MEXICO",NAS,42.0,3,DOS HOMBRES ,59,3.7,RICH,AMANDA SCHUSTER,90,40,15,10,25,3,5,60,50,25,10,3,20,40,15
CENOTE CRISTALINO AÑEJO TEQUILA,TEQUILA AÑEJO,AMERICAN OAK,MEXICO,NAS,40.0,3,CENOTE ,8,3.93,BITTER,STEPHANIE MORENO,90,10,30,40,25,15,45,35,40,10,0,0,35,10,0
VIVA XXXII TEQUILA JOVEN,TEQUILA JOVEN,unknown,MEXICO,NAS,40.0,2,VIVA XXXII ,2,4.13,SPICY & SWEET,JOHN RANKIN,90,5,15,80,15,20,0,60,75,55,65,25,0,10,10
VOLCÁN DE MI TIERRA BLANCO TEQUILA,TEQUILA BLANCO,unknown,"TEQUILA VALLEY, JALISCO, MEXICO",NAS,40.0,2,VOLCÁN DE MI TIERRA ,33,4.03,SALTY & FRUITY,JOHN RANKIN,90,15,5,55,45,5,5,10,45,65,75,25,5,65,15
CÓDIGO 1530 REPOSADO TEQUILA,TEQUILA REPOSADO,EX-NAPA CABERNET SAUVIGNON FRENCH WHITE OAK BARRELS,"JALISCO, MEXICO",NAS,40.0,3,CÓDIGO 1530 ,68,4.06,HERBAL & SPICY,COLIN HOWARD,90,55,40,85,85,60,65,70,20,70,40,60,10,60,20
BLUE NECTAR REPOSADO SPECIAL CRAFT TEQUILA,TEQUILA REPOSADO,CHARRED AMERICAN OAK,"TEQUILA VALLEY, JALISCO, MEXICO",NAS,40.0,3,BLUE NECTAR ,3,3.42,SWEET,RON BECHTOL,90,10,10,30,40,15,5,40,45,10,5,25,5,30,20
EL TESORO PARADISO EXTRA AÑEJO TEQUILA,TEQUILA EXTRA AÑEJO,EX-COGNAC,"HIGHLANDS, MEXICO",NAS,40.0,5,EL TESORO ,38,4.25,SWEET,STEPHANIE MORENO,90,10,15,35,35,15,20,40,50,10,10,0,25,0,0
TEQUILA SAN MATIAS TAHONA BLANCO,TEQUILA BLANCO,UNAGED,"LOS ALTOS, JALISCO, MEXICO",NAS,40.0,3,TEQUILA SAN MATIAS ,13,3.85,RICH,STEPHANIE MORENO,90,0,20,20,40,50,30,65,50,25,20,5,30,45,0
MEZCAL JARAL DE BERRIO,MEZCAL JOVEN,UNAGED,"GUANAJUATO , MEXICO",NAS,40.0,1,HACIENDA JARAL DE BERRIO ,12,3.34,SWEET & FRUITY,AMANDA SCHUSTER,90,5,5,0,10,0,0,40,70,25,0,0,20,60,10
MUCHA LIGA INVICTO AÑEJO TEQUILA,TEQUILA AÑEJO,EX-BOURBON,"JALISCO, MEXICO",NAS,40.0,3,MUCHA LIGA ,9,4.22,SWEET & RICH,AMANDA SCHUSTER,90,5,10,40,20,10,0,80,80,0,0,0,10,60,20
ALACRÁN REPOSADO TEQUILA,TEQUILA REPOSADO,AMERICAN OAK,"LOS ALTOS, JALISCO, MEXICO",NAS,35.0,2,AUTÉNTICO ALACRÁN ,2,3.25,FRUITY,RON BECHTOL,90,20,20,40,50,30,0,40,40,0,10,30,0,50,30
ARTA TEQUILA REPOSADO,TEQUILA REPOSADO,EX-BOURBON,"TEQUILA VALLEY, JALISCO, MEXICO",NAS,40.0,2,ARTA TEQUILA ,3,3.67,SWEET & RICH,AMANDA SCHUSTER,90,15,15,25,20,10,5,70,70,0,0,0,20,50,5
REY CAMPERO TEPEXTATE MEZCAL,MEZCAL JOVEN,unknown,"OAXACA, MEXICO",NAS,48.0,4,REY CAMPERO ,15,4.04,SPICY,AMANDA SCHUSTER,90,40,10,60,40,5,0,40,40,20,10,0,30,40,15
VILLA LOBOS BLANCO TEQUILA,TEQUILA BLANCO,unknown,"LOS ALTOS, JALISCO, MEXICO",NAS,40.0,2,VILLA LOBOS ,2,3.88,FRUITY & FLORAL,OMARI WHEAT,90,0,45,25,70,20,10,60,65,75,40,0,45,80,75
OCHO CIENTOS SOTOL BLANCO,SOTOL,unknown,"CHIHUAHUA , MEXICO",NAS,43.0,2,OCHO CIENTOS ,3,3.0,FRUITY & RICH,AMANDA SCHUSTER,90,15,20,30,50,20,5,60,40,15,10,5,20,60,10
DEL MAGUEY TOBALÁ MEZCAL,MEZCAL JOVEN,UNAGED,"OAXACA, MEXICO",NAS,45.0,4,DEL MAGUEY ,50,4.19,EARTHY & SMOKY,KELLEY SLAGLE,90,70,70,20,40,15,35,0,40,50,0,15,0,15,0
SIETE LEGUAS AÑEJO TEQUILA,TEQUILA AÑEJO,WHITE OAK,"LOS ALTOS, JALISCO, MEXICO",NAS,40.0,3,SIETE LEGUAS ,65,4.09,HERBAL,KELLEY SLAGLE,90,5,30,50,50,0,20,30,40,5,0,0,0,40,0
EL JOLGORIO MEXICANO MEZCAL,MEZCAL JOVEN,unknown,"OAXACA, MEXICO",NAS,47.0,4,EL JOLGORIO ,12,4.21,SPICY,JACOB GRIER,90,30,10,50,0,40,10,40,10,30,20,10,0,20,0
MEZCAL PIERDE ALMAS CONEJO,MEZCAL JOVEN,unknown,"OAXACA, MEXICO",NAS,51.2,5,PIERDE ALMAS ,4,4.81,UMAMI & FRUITY,DANIEL DJANG,90,70,65,60,65,35,25,65,60,60,70,85,10,75,70
DEL MAGUEY SAN LUIS DEL RIO MEZCAL,MEZCAL JOVEN,UNAGED,"OAXACA, MEXICO",NAS,47.0,3,DEL MAGUEY ,35,4.18,HERBAL & RICH,STEPHANIE MORENO,90,45,25,20,70,20,15,65,30,15,15,25,25,60,15
ILEGAL MEZCAL REPOSADO,MEZCAL REPOSADO,NEW & USED AMERICAN OAK,"OAXACA, MEXICO",NAS,40.0,3,ILEGAL ,84,3.94,SMOKY,AMANDA SCHUSTER,90,60,15,20,15,0,0,40,30,10,10,0,20,50,5
MEZCALES DE LEYENDA DURANGO,MEZCAL JOVEN,unknown,"DURANGO, MEXICO",unknown,40.0,3,MEZCAL DE LEYENDAS ,28,3.78,FRUITY & SWEET,JOHN RANKIN,90,5,70,70,5,5,0,80,85,65,45,25,0,85,15
MILAGRO SELECT BARREL RESERVE AÑEJO TEQUILA,TEQUILA AÑEJO,AMERICAN AND FRENCH OAK,"LOS ALTOS, JALISCO, MEXICO",NAS,40.0,4,MILAGRO ,69,4.13,SWEET,KATRINA NIEMISTO,90,5,10,20,5,10,0,30,40,10,0,10,0,15,5
GRAN CENTENARIO AÑEJO TEQUILA,TEQUILA AÑEJO,FRENCH LIMOUSIN OAK,"JALISCO, MEXICO",NAS,40.0,2,GRAN CENTENARIO ,152,4.03,UMAMI,KATRINA NIEMISTO,90,20,20,10,10,15,10,5,20,10,0,25,0,5,15
FIDENCIO TOBALÁ MEZCAL,MEZCAL JOVEN,UNAGED,"OAXACA, MEXICO",NAS,45.5,4,FIDENCIO ,5,3.9,EARTHY & RICH,OMARI WHEAT,90,40,80,20,70,35,20,75,45,35,55,30,15,70,20
REY CAMPERO MADRE CUISHE MEZCAL,MEZCAL JOVEN,unknown,"OAXACA, MEXICO",unknown,48.6,4,REY CAMPERO ,13,4.04,RICH,RON BECHTOL,90,25,25,20,15,15,5,30,5,20,10,20,5,15,15
REY CAMPERO TOBALÁ MEZCAL,MEZCAL JOVEN,unknown,"OAXACA, MEXICO",unknown,48.9,4,REY CAMPERO ,4,4.94,EARTHY,RON BECHTOL,90,35,45,40,25,25,5,40,5,40,20,30,5,30,15
MEZCAL VAGO COYOTE EN BARRO,MEZCAL JOVEN,UNAGED,"OAXACA, MEXICO",NAS,51.0,3,MEZCAL VAGO ,2,3.38,FRUITY & FLORAL,DUNCAN MCROBERTS,90,40,65,30,40,55,55,35,65,45,45,40,75,85,80
TEQUILA 1921 AÑEJO,TEQUILA AÑEJO,unknown,unknown,unknown,40.0,2,unknown,15,4.09,SWEET & RICH,AMANDA SCHUSTER,90,10,0,40,30,20,0,80,80,0,0,0,20,50,0
KOCH EL MEZCAL MADRECUISHE,MEZCAL JOVEN,unknown,unknown,unknown,47.0,4,unknown,1,5.0,HERBAL & EARTHY,OMARI WHEAT,90,65,85,40,90,40,30,70,45,55,30,55,45,40,30
DULCE VIDA REPOSADO 100 PROOF TEQUILA,TEQUILA REPOSADO,EX-BOURBON,"LOS ALTOS, JALISCO, MEXICO",NAS,50.0,2,DULCE VIDA ,27,4.21,HERBAL & SPICY,RON BECHTOL,90,5,15,65,70,20,5,45,60,20,15,15,5,20,15
RIAZUL PLATA TEQUILA,TEQUILA BLANCO,unknown,unknown,unknown,40.0,2,unknown,14,4.0,FRUITY & RICH,AMANDA SCHUSTER,90,5,15,30,40,10,0,70,60,20,5,0,0,70,10
DEL MAGUEY IBÉRICO MEZCAL,MEZCAL JOVEN,UNAGED,unknown,unknown,49.0,5,unknown,22,4.45,FRUITY & SPICY,OMARI WHEAT,90,70,60,70,35,30,60,65,55,30,40,50,40,70,40
BRUXO NO.1 ESPADÍN MEZCAL,MEZCAL JOVEN,unknown,unknown,unknown,46.0,2,unknown,25,3.46,SWEET & RICH,AMANDA SCHUSTER,90,20,40,15,40,20,0,60,60,10,15,0,0,20,30
HERRADURA DOUBLE BARREL REPOSADO TEQUILA,TEQUILA REPOSADO,unknown,unknown,unknown,40.0,2,unknown,46,4.29,SPICY & FRUITY,DANIEL DJANG,90,64,60,68,65,15,10,35,67,32,25,20,10,67,25
CORZO TEQUILA REPOSADO,TEQUILA REPOSADO,unknown,unknown,unknown,40.0,3,unknown,28,3.89,SPICY & RICH,BROCK SCHULTE,90,0,57,90,85,40,60,89,80,76,70,79,85,83,65
HERRADURA COLECCIÓN DE LA CASA RESERVA 2012 PORT CASK FINISH REPOSADO,TEQUILA REPOSADO,unknown,unknown,unknown,40.0,4,unknown,3,4.0,SPICY & SWEET,DISTILLER STAFF,90,12,47,82,62,30,67,46,71,55,20,49,31,63,36
HERENCIA MEXICANA REPOSADO TEQUILA,TEQUILA REPOSADO,unknown,unknown,unknown,40.0,2,unknown,5,4.05,FRUITY & SWEET,OMARI WHEAT,90,35,60,65,35,30,30,55,70,30,50,25,10,75,20
CORAZÓN BLANCO TEQUILA,TEQUILA BLANCO,unknown,unknown,unknown,40.0,2,unknown,80,4.2,RICH & SPICY,BROCK SCHULTE,90,0,67,89,70,30,60,91,75,45,60,50,73,87,78
JOSE CUERVO RESERVA DE LA FAMILIA TEQUILA,TEQUILA EXTRA AÑEJO,unknown,unknown,unknown,40.0,5,unknown,219,4.45,RICH & OILY,DISTILLER STAFF,90,22,25,14,42,86,30,88,80,24,8,80,52,63,70
TEQUILA TAPATIO BLANCO 110,TEQUILA BLANCO,unknown,"LOS ALTOS, JALISCO, MEXICO",NAS,55.0,3,TEQUILA TAPATIO ,21,4.4,SPICY,AMANDA SCHUSTER,90,10,10,50,40,0,5,20,15,30,10,15,5,25,0
SOMBRA MEZCAL,MEZCAL JOVEN,unknown,unknown,unknown,45.0,2,unknown,109,3.69,RICH & SMOKY,OMARI WHEAT,90,85,55,40,35,30,30,90,70,40,30,30,20,50,25
KOCH EL MEZCAL ENSEMBLE,MEZCAL JOVEN,UNAGED,"OAXACA, MEXICO",NAS,47.0,3,KOCH EL MEZCAL ,9,4.31,MINERAL & HERBAL,OMARI WHEAT,90,45,40,45,70,10,18,68,65,70,50,30,30,60,37
MEZCAL ALIPÚS SAN BALTAZAR,MEZCAL JOVEN,unknown,"OAXACA, MEXICO",NAS,48.4,2,MEZCAL ALIPÚS ,27,3.92,FRUITY & SWEET,OMARI WHEAT,90,50,30,60,60,30,30,60,80,70,60,10,50,80,70
TEQUILA OCHO REPOSADO EL PUERTECITO 2011,TEQUILA REPOSADO,TEQUILA-SEASONED AMERICAN OAK EX-AMERICAN WHISKEY BARRELS,"LOS ALTOS, JALISCO, MEXICO",unknown,40.0,3,TEQUILA OCHO ,unknown,unknown,HERBAL & SWEET,DANIEL DJANG,90,35,45,30,70,50,10,50,55,45,35,10,10,42,45
TEQUILA OCHO EXTRA AÑEJO EL VERGEL 2007,TEQUILA EXTRA AÑEJO,unknown,"LOS ALTOS, JALISCO, MEXICO",unknown,40.0,4,TEQUILA OCHO ,1,4.25,SWEET & FRUITY,DANIEL DJANG,90,35,35,50,60,50,10,25,65,25,20,15,10,60,15
PARTIDA BLANCO TEQUILA,TEQUILA BLANCO,UNAGED,"TEQUILA VALLEY, JALISCO, MEXICO",NAS,40.0,2,PARTIDA ,27,3.69,OILY & FRUITY,STEPHANIE MORENO,90,0,20,5,35,75,30,60,45,40,25,0,40,65,40
SUERTE EXTRA AÑEJO TEQUILA,TEQUILA EXTRA AÑEJO,CHARRED WHITE OAK WHISKEY BARRELS,"LOS ALTOS, JALISCO, MEXICO",NAS,40.0,4,SUERTE ,7,4.43,SWEET & FRUITY,DANIEL DJANG,90,40,45,50,65,20,10,70,80,30,25,25,15,70,45
TEQUILA TAPATIO BLANCO,TEQUILA BLANCO,unknown,"LOS ALTOS, JALISCO, MEXICO",NAS,40.0,2,TEQUILA TAPATIO ,37,3.92,HERBAL & SPICY,DUNCAN MCROBERTS,90,40,75,80,85,30,60,40,40,75,35,75,55,45,65
TEQUILA OCHO REPOSADO LA MAGUEYERA 2014,TEQUILA REPOSADO,TEQUILA-SEASONED AMERICAN OAK EX-AMERICAN WHISKEY BARRELS,"LOS ALTOS, JALISCO, MEXICO",unknown,40.0,3,TEQUILA OCHO ,16,4.55,FRUITY & SWEET,AMANDA SCHUSTER,90,5,20,30,10,15,10,50,60,15,15,0,25,70,20
REAL MINERO ARROQUEÑO MEZCAL,MEZCAL JOVEN,NONE,"OAXACA, MEXICO",NAS,51.75,5,MEZCAL REAL MINERO ,8,4.72,EARTHY & HERBAL,OMARI WHEAT,90,75,85,45,80,25,60,75,60,55,45,65,70,40,30
EXPRESIONES DEL CORAZÓN ARTISANAL EDITION BLANCO (2ND RELEASE),TEQUILA BLANCO,unknown,"LOS ALTOS, JALISCO, MEXICO",NAS,40.0,3,TEQUILA CORAZÓN ,2,4.5,SWEET,AMANDA SCHUSTER,90,0,20,5,50,0,10,30,60,15,0,0,10,40,5
CASAMIGOS BLANCO TEQUILA,TEQUILA BLANCO,unknown,"LOS ALTOS, JALISCO, MEXICO",NAS,40.0,2,CASAMIGOS ,457,3.94,RICH,STEPHANIE MORENO,90,0,20,20,35,20,10,60,50,20,15,5,15,15,10
CASAMIGOS AÑEJO TEQUILA,TEQUILA AÑEJO,USED WHISKEY BARRELS,"HIGHLANDS, JALISCO, MEXICO",NAS,40.0,3,CASAMIGOS ,450,4.15,SPICY,STEPHANIE MORENO,90,25,20,60,25,15,25,49,50,15,15,10,25,20,0
MEZCAL AMARÁS CUPREATA,MEZCAL JOVEN,unknown,"GUERRERO, MEXICO",unknown,43.0,3,MEZCAL AMARÁS ,32,3.81,HERBAL & RICH,STEPHANIE MORENO,90,15,55,25,85,25,20,60,20,35,15,10,25,35,10
EXPRESIONES DEL CORAZÓN WELLER 12 AÑEJO TEQUILA (2023 COLLECTION),TEQUILA AÑEJO,EX-WELLER 12 KENTUCKY STRAIGHT BOURBON BARRELS,"LOS ALTOS, JALISCO, MEXICO",NAS,40.0,3,EXPRESIONES DEL CORAZÓN ,1,3.0,RICH,AMANDA SCHUSTER,89,5,15,30,15,15,0,70,30,10,8,5,18,20,0
SANTO TEQUILA AÑEJO,TEQUILA AÑEJO,FORMER AMERICAN WHISKEY BARRELS,MEXICO,NAS,40.0,3,SANTO SPIRITS ,unknown,unknown,RICH,AMANDA SCHUSTER,89,3,15,30,20,5,0,50,30,8,8,8,10,25,3
VOLCÁN XA TEQUILA,TEQUILA REPOSADO,unknown,"JALISCO, MEXICO",NAS,40.0,5,VOLCÁN DE MI TIERRA ,1,5.0,RICH,AMANDA SCHUSTER,89,3,10,25,15,15,3,70,40,10,0,0,10,30,2
CIERTO TEQUILA PRIVATE COLLECTION BLANCO,TEQUILA BLANCO,unknown,"JALISCO, MEXICO",NAS,40.0,4,CIERTO ,4,4.88,RICH,AMANDA SCHUSTER,89,3,10,10,15,0,2,30,25,5,0,0,10,15,0
TEQUILA ETERNO VERANO BLANCO,TEQUILA BLANCO,unknown,"TEQUILA VALLEY, JALISCO, MEXICO",NAS,40.0,2,ETERNO VERANO ,1,4.0,RICH,AMANDA SCHUSTER,89,0,20,5,20,0,0,40,35,8,10,0,15,30,3
CONTRALUZ CRISTALINO REPOSADO MEZCAL,MEZCAL REPOSADO,CHARRED AMERICAN OAK,"OAXACA, MEXICO",NAS,40.0,3,CONTRALUZ ,3,3.75,RICH,STEPHANIE MORENO,89,30,45,30,50,25,35,55,50,25,0,10,10,20,15
ASTRAL TEQUILA BLANCO,TEQUILA BLANCO,unknown,"JALISCO, MEXICO",NAS,40.0,2,ASTRAL ,11,3.61,RICH,AMANDA SCHUSTER,89,0,10,30,25,10,5,50,40,15,10,0,20,30,5
GRACIAS A DIOS MANGO MEZCAL,MEZCAL JOVEN,unknown,"OAXACA, MEXICO",NAS,43.0,2,GRACIAS A DIOS ,1,3.75,FRUITY,AMANDA SCHUSTER,89,30,15,10,10,0,2,40,30,10,5,0,40,60,10
GRACIAS A DIOS PIÑA MEZCAL,MEZCAL JOVEN,unknown,MEXICO,NAS,45.0,2,GRACIAS A DIOS ,2,4.13,RICH,AMANDA SCHUSTER,89,30,15,15,20,0,5,50,30,15,8,0,25,40,10
EL TESORO MUNDIAL COLLECTION: THE LAPHROAIG EDITION (2021 RELEASE),TEQUILA AÑEJO,EX-BOURBON & EX-LAPHROAIG 10 YEAR CASKS,"LOS ALTOS, JALISCO, MEXICO",NAS,40.0,4,EL TESORO ,2,4.5,RICH,AMANDA SCHUSTER,89,45,12,25,15,3,0,65,40,15,10,10,20,30,0
BOSSCAL JOVEN MEZCAL,MEZCAL JOVEN,unknown,"DURANGO, MEXICO",NAS,42.0,2,BOSSCAL ,9,3.22,HERBAL & FLORAL,JAKE EMEN,89,60,40,50,80,30,50,20,40,40,20,30,70,50,70
CALIROSA AÑEJO TEQUILA,TEQUILA AÑEJO,CALIFORNIA RED WINE BARRELS,"JALISCO, MEXICO",18 MONTHS,40.0,3,CALIROSA ,8,4.16,RICH & SWEET,AMANDA SCHUSTER,89,0,15,15,10,10,5,70,65,10,0,0,20,50,25
SEVERO TEQUILA REPOSADO,TEQUILA REPOSADO,WHITE AMERICAN OAK,"JALISCO, MEXICO",NAS,40.0,3,TEQUILA SEVERO ,1,4.5,SWEET & RICH,AMANDA SCHUSTER,89,0,10,30,20,15,3,60,60,20,0,0,15,20,15
LOS MAGOS BLANCO SOTOL,SOTOL,UNAGED,"CHIHUAHUA, MEXICO",NAS,38.0,3,LOS MAGOS ,5,4.5,FRUITY,AMANDA SCHUSTER,89,30,20,15,10,10,3,40,25,15,5,10,20,40,10
LOS VECINOS DEL CAMPO TOBALÁ MEZCAL,MEZCAL JOVEN,UNAGED,"OAXACA, MEXICO",NAS,46.0,4,LOS VECINOS DEL CAMPO ,2,3.63,RICH & SWEET,ANNA ARCHIBALD,89,15,55,25,23,5,0,70,60,0,40,0,10,55,20
EXPRESIONES DEL CORAZÓN THOMAS H. HANDY SAZERAC AÑEJO (2019 RELEASE),TEQUILA AÑEJO,USED THOMAS H. HANDY SAZERAC RYE BARRELS,"LOS ALTOS, JALISCO, MEXICO",NAS,40.0,3,EXPRESIONES DEL CORAZÓN ,3,3.58,RICH,ANNA ARCHIBALD,89,0,17,30,0,14,0,70,45,0,0,0,0,20,0
ABRE OJOS SILVER TEQUILA,TEQUILA BLANCO,unknown,"TEQUILA VALLEY, JALISCO, MEXICO",NAS,40.0,2,ABRE OJOS ,unknown,unknown,FRUITY,JACK ROBERTIELLO,89,10,40,10,30,10,10,30,25,20,20,25,25,40,15
MIEL DE TIERRA AÑEJO,MEZCAL AÑEJO,"VIRGIN, LOCAL OAK","ZACATECAS, MEXICO",NAS,40.0,3,MIEL DE TIERRA ,10,4.46,SWEET & RICH,JOHN RANKIN,89,5,30,40,5,60,0,80,95,10,15,10,0,50,25
TEQUILA PUEBLO VIEJO BLANCO 104,TEQUILA BLANCO,UNAGED,"LOS ALTOS, JALISCO, MEXICO",NAS,52.0,1,PUEBLO VIEJO ,2,3.63,MINERAL,JACOB GRIER,89,10,20,30,20,40,10,40,20,50,0,10,10,30,10
MEZCAL MARCA NEGRA ARROQUEÑO,MEZCAL JOVEN,NONE,"OAXACA, MEXICO",NAS,48.6,4,MEZCAL MARCA NEGRA ,1,2.0,SWEET & FRUITY,KELLEY SLAGLE,89,50,65,10,50,0,40,0,70,30,0,15,0,65,40
OCHO CIENTOS SOTOL REPOSADO,SOTOL,EX-TENNESSEE WHISKEY,"CHIHUAHUA, MEXICO",NAS,43.0,3,OCHO CIENTOS ,3,3.25,RICH & SWEET,AMANDA SCHUSTER,89,20,25,40,50,40,5,70,60,10,10,5,5,30,0
AHA TORO AÑEJO,TEQUILA AÑEJO,OAK,"LOS ALTOS, JALISCO, MEXICO",NAS,40.0,3,AHA TORO ,21,4.17,SWEET & FRUITY,JOHN RANKIN,89,15,20,15,25,5,5,15,65,5,15,5,10,55,5
TEQUILA OCHO PLATA LOS MANGOS 2010,TEQUILA BLANCO,unknown,"LOS ALTOS, JALISCO, MEXICO",NAS,40.0,2,TEQUILA OCHO ,3,4.0,EARTHY & MINERAL,KELLEY SLAGLE,89,0,80,10,40,5,10,5,30,70,0,0,0,30,10
MEZCAL PIERDE ALMAS ESPADÍN,MEZCAL JOVEN,unknown,"OAXACA, MEXICO",NAS,49.0,3,PIERDE ALMAS ,8,3.63,UMAMI & HERBAL,DANIEL DJANG,89,65,60,50,70,25,20,45,40,60,55,70,10,60,65
DELEÓN REPOSADO TEQUILA,TEQUILA REPOSADO,AMERICAN OAK AND FRENCH OAK,"LOS ALTOS, JALISCO, MEXICO",NAS,40.0,3,DELEÓN TEQUILA ,23,3.6,SWEET,MATTHEW SHEINBERG,89,30,0,20,40,10,5,15,50,10,0,15,10,15,35
DON FULANO AÑEJO TEQUILA,TEQUILA AÑEJO,FRENCH LIMOUSIN OAK,"TEQUILA VALLEY, JALISCO, MEXICO",NAS,40.0,4,DON FULANO ,30,4.34,RICH,AMANDA SCHUSTER,89,10,25,30,25,5,10,40,20,5,5,15,10,20,0
MAYALEN AGUA DE JUVENTUD GUERRERO MEZCAL,MEZCAL JOVEN,unknown,"GUERRERO , MEXICO",NAS,53.0,2,MAYALEN ,6,3.0,HERBAL,AMANDA SCHUSTER,89,15,10,30,60,0,0,40,15,10,0,5,5,20,0
FIDENCIO TIERRA BLANCA MEZCAL,MEZCAL JOVEN,UNAGED,"OAXACA, MEXICO",NAS,50.9,3,FIDENCIO ,8,4.56,FRUITY & HERBAL,OMARI WHEAT,89,50,30,10,70,20,15,40,55,60,30,40,40,80,50
MEZCAL VAGO ESPADIN,MEZCAL JOVEN,UNAGED,"OAXACA, MEXICO",NAS,51.2,2,MEZCAL VAGO ,64,3.89,UMAMI & SPICY,DUNCAN MCROBERTS,89,55,35,80,70,35,55,30,65,65,45,85,60,75,70
KAH TEQUILA REPOSADO,TEQUILA REPOSADO,unknown,unknown,unknown,55.0,3,unknown,32,3.71,SPICY & FRUITY,BROCK SCHULTE,89,70,74,86,83,50,45,79,80,83,78,78,83,83,75
KOCH EL MEZCAL MEXICANO,MEZCAL JOVEN,unknown,unknown,unknown,47.0,4,unknown,2,5.0,FRUITY & HERBAL,OMARI WHEAT,89,55,60,30,70,45,55,65,65,35,50,55,40,70,65
FIDENCIO TEPEXTATE MEZCAL,MEZCAL JOVEN,UNAGED,"OAXACA, MEXICO",NAS,45.9,4,FIDENCIO ,5,3.55,HERBAL & EARTHY,OMARI WHEAT,89,65,80,20,85,15,45,60,50,60,40,60,40,40,30
KOCH EL MEZCAL BARRIL,MEZCAL JOVEN,unknown,unknown,unknown,47.0,4,unknown,unknown,unknown,RICH & FRUITY,OMARI WHEAT,89,45,45,30,66,25,30,90,65,15,30,10,15,70,10
ROCA PATRÓN AÑEJO TEQUILA,TEQUILA AÑEJO,EX-BOURBON,"LOS ALTOS, JALISCO, MEXICO",NAS,44.0,4,PATRÓN ,55,3.75,SWEET,STEPHANIE MORENO,89,30,40,40,25,30,15,50,55,15,0,0,15,40,0
FIDENCIO PECHUGA MEZCAL,MEZCAL JOVEN,UNAGED,"OAXACA, MEXICO",NAS,47.3,4,FIDENCIO ,11,3.5,FRUITY & SWEET,OMARI WHEAT,89,35,30,45,70,25,30,60,80,50,35,30,65,90,65
FIDENCIO MADRECUIXE MEZCAL,MEZCAL JOVEN,UNAGED,"OAXACA, MEXICO",NAS,49.4,4,FIDENCIO ,3,4.42,HERBAL & SALTY,OMARI WHEAT,89,40,60,35,90,20,15,50,60,55,70,20,65,30,40
FIDENCIO CLÁSICO MEZCAL,MEZCAL JOVEN,UNAGED,"OAXACA, MEXICO",NAS,44.0,2,FIDENCIO ,63,3.68,EARTHY & FRUITY,OMARI WHEAT,89,60,80,45,50,30,40,50,50,65,40,40,50,65,33
ANTIGUO DE HERRADURA TEQUILA AÑEJO,TEQUILA AÑEJO,unknown,unknown,unknown,40.0,2,unknown,5,4.2,SWEET & FRUITY,DISTILLER STAFF,89,26,32,62,58,75,32,70,84,28,18,63,26,82,69
ANTIGUO DE HERRADURA TEQUILA REPOSADO,TEQUILA REPOSADO,unknown,unknown,unknown,40.0,2,unknown,14,3.64,SPICY & SWEET,DISTILLER STAFF,89,25,52,78,34,65,23,52,72,32,22,61,17,67,60
DON AMADO REPOSADO MEZCAL,MEZCAL REPOSADO,unknown,"OAXACA, MEXICO",NAS,45.0,3,DON AMADO ,11,4.03,RICH & UMAMI,OMARI WHEAT,89,75,75,70,40,50,40,80,65,60,65,75,35,30,30
SIEMBRA AZUL BLANCO TEQUILA,TEQUILA BLANCO,UNAGED,"LOS ALTOS, JALISCO, MEXICO",NAS,40.0,2,SIEMBRA AZUL ,16,3.91,SWEET & FRUITY,OMARI WHEAT,89,15,40,30,70,30,15,70,83,45,30,20,50,80,50
HERRADURA REPOSADO TEQUILA,TEQUILA REPOSADO,unknown,unknown,unknown,40.0,2,unknown,220,3.87,UMAMI & SPICY,DISTILLER STAFF,89,58,70,70,60,40,44,56,68,60,0,72,0,64,26
MEZCAL PIERDE ALMAS HISTORIC EDITION MAGUEY DE LUMBRE,MEZCAL JOVEN,unknown,unknown,unknown,49.0,3,unknown,4,3.5,MINERAL & SWEET,OMARI WHEAT,89,75,60,30,75,10,30,40,76,80,40,10,50,60,30
DON AMADO JOVEN RUSTICO MEZCAL,MEZCAL JOVEN,unknown,unknown,unknown,47.0,2,unknown,16,4.08,MINERAL & SMOKY,OMARI WHEAT,89,80,70,75,55,30,40,70,60,80,68,45,30,55,33
PATRÓN AÑEJO TEQUILA,TEQUILA AÑEJO,WHITE OAK BARRELS,"LOS ALTOS, JALISCO, MEXICO",NAS,40.0,3,PATRÓN ,213,3.74,RICH & SWEET,AMANDA SCHUSTER,89,5,10,30,15,20,5,80,60,10,3,0,10,25,3
SUERTE REPOSADO TEQUILA,TEQUILA REPOSADO,unknown,"LOS ALTOS, JALISCO, MEXICO",unknown,40.0,2,SUERTE ,26,3.75,SWEET & FRUITY,DANIEL DJANG,89,55,60,45,60,25,10,30,80,40,30,35,15,70,30
CHINACO BLANCO TEQUILA,TEQUILA BLANCO,unknown,"TAMAULIPAS, MEXICO",NAS,40.0,2,CHINACO ,9,3.69,MINERAL & FRUITY,DUNCAN MCROBERTS,89,25,60,60,70,60,35,70,50,80,65,65,75,75,40
TEQUILA OCHO AÑEJO LA MAGUEYERA 2014,TEQUILA AÑEJO,unknown,"LOS ALTOS, JALISCO, MEXICO",unknown,40.0,4,TEQUILA OCHO ,18,4.05,RICH,AMANDA SCHUSTER,89,10,25,35,50,15,5,70,40,25,30,0,15,50,15
MEZCAL EL SILENCIO JOVEN,MEZCAL JOVEN,UNAGED,"OAXACA, MEXICO",NAS,40.0,3,MEZCAL EL SILENCIO ,17,3.81,HERBAL & EARTHY,STEPHANIE MORENO,89,25,60,10,65,25,25,55,15,40,25,10,30,10,0
QUECHOL WHEELERI SOTOL,SOTOL,unknown,MEXICO,NAS,45.5,3,QUECHOL SOTOL ,unknown,unknown,RICH,AMANDA SCHUSTER,88,15,15,30,20,8,5,50,20,10,0,5,0,20,0
ASTRAL TEQUILA REPOSADO,TEQUILA REPOSADO,FIRST FILL AMERICAN OAK EX-BOURBON,"JALISCO, MEXICO",NAS,40.0,2,ASTRAL ,3,2.5,RICH,AMANDA SCHUSTER,88,5,5,20,15,5,0,40,30,15,0,5,10,30,10
TEQUILA GRAN SOCIEDAD JOVEN,TEQUILA JOVEN,MEDIUM TOASTED AMERICAN OAK,"LOS ALTOS, JALISCO, MEXICO",NAS,40.0,5,TEQUILA GRAN SOCIEDAD ,unknown,unknown,RICH & HERBAL,STEPHANIE MORENO,88,15,25,35,55,25,45,55,25,35,10,0,35,30,0
EL LUCHADOR DISTILL-PROOF BLANCO TEQUILA,TEQUILA BLANCO,unknown,"LOS ALTOS, JALISCO, MEXICO",NAS,55.0,2,EL LUCHADOR ,unknown,unknown,SPICY,STEPHANIE MORENO,88,0,40,55,50,20,40,40,40,20,10,10,40,35,0
EL LUCHADOR BLANCO TEQUILA,TEQUILA BLANCO,unknown,"LOS ALTOS, JALISCO, MEXICO",NAS,40.0,2,EL LUCHADOR ,unknown,unknown,HERBAL,STEPHANIE MORENO,88,0,35,25,65,30,30,40,45,15,10,10,50,35,0
TEQUILA KOMOS EXTRA AÑEJO,TEQUILA EXTRA AÑEJO,FRENCH EX-WHITE WINE BARRELS AND AMERICAN OAK WHISKEY BARRELS,"JALISCO, MEXICO",NAS,40.0,5,TEQUILA KOMOS ,10,4.44,SWEET & RICH,STEPHANIE MORENO,88,0,35,40,40,15,30,55,65,10,0,0,35,25,0
TRES GENERACIONES AÑEJO CRISTALINO TEQUILA,TEQUILA AÑEJO,AMERICAN OAK,"JALISCO, MEXICO",NAS,40.0,3,TRES GENERACIONES ,3,4.13,HERBAL,STEPHANIE MORENO,88,10,45,30,75,15,45,40,35,10,10,15,30,15,0
TEREMANA TEQUILA AÑEJO,TEQUILA AÑEJO,AMERICAN WHISKEY BARRELS,"JALISCO, MEXICO",NAS,40.0,2,TEREMANA TEQUILA ,42,3.89,RICH & SWEET,AMANDA SCHUSTER,88,0,15,20,25,10,5,80,75,5,0,0,15,40,0
TEQUILA ZARPADO BLANCO,TEQUILA BLANCO,unknown,"TEQUILA VALLEY, JALISCO, MEXICO",NAS,40.0,1,TEQUILA ZARPADO ,4,4.25,RICH,AMANDA SCHUSTER,88,5,15,40,30,10,10,60,25,15,15,10,20,20,10
TEQUILA LOBOS 1707 JOVEN,TEQUILA JOVEN,FINISHED IN PEDRO XIMÉNEZ WINE BARRELS,"LOS ALTOS, JALISCO, MEXICO",NAS,40.0,2,LOBOS 1707 ,8,4.09,RICH & SWEET,AMANDA SCHUSTER,88,10,10,30,20,10,5,75,70,18,5,0,30,40,0
EXPRESIONES DEL CORAZÓN WILLIAM LARUE WELLER AÑEJO (2020 RELEASE),TEQUILA AÑEJO,EX-WILLIAM LARUE WELLER BOURBON BARRELS,"LOS ALTOS, JALISCO, MEXICO",NAS,40.0,3,EXPRESIONES DEL CORAZÓN ,1,5.0,HERBAL & SWEET,STEPHANIE MORENO,88,35,35,35,70,15,40,55,65,0,10,25,35,10,0
LALO TEQUILA,TEQUILA BLANCO,unknown,"LOS ALTOS, JALISCO, MEXICO",NAS,40.0,2,LALO TEQUILA ,61,4.28,HERBAL,STEPHANIE MORENO,88,0,30,40,65,25,40,40,40,20,0,0,40,20,0
CRÁNEO ORGANIC MEZCAL,MEZCAL JOVEN,UNAGED,"OAXACA, MEXICO",NAS,42.0,2,123 SPIRITS ,9,3.52,HERBAL & RICH,STEPHANIE MORENO,88,35,45,20,80,30,10,70,20,10,10,35,35,15,0
MIEL DE TIERRA REPOSADO,MEZCAL REPOSADO,"VIRGIN, LOCAL OAK","ZACATECAS, MEXICO",NAS,40.0,3,MIEL DE TIERRA ,3,4.92,SWEET & EARTHY,JOHN RANKIN,88,5,65,45,20,15,0,55,80,60,35,45,0,20,20
BLUE NECTAR AÑEJO FOUNDER'S BLEND TEQUILA,TEQUILA AÑEJO,CHARRED AMERICAN OAK,"TEQUILA VALLEY, JALISCO, MEXICO",NAS,40.0,3,BLUE NECTAR ,11,3.98,HERBAL,RON BECHTOL,88,10,15,30,40,10,5,35,25,10,5,25,0,20,25
PATRÓN REPOSADO TEQUILA,TEQUILA REPOSADO,AMERICAN OAK,"HIGHLANDS, MEXICO",NAS,40.0,3,PATRÓN ,94,3.33,SWEET,AMANDA SCHUSTER,88,5,10,30,25,5,5,40,40,20,10,0,15,20,5
TEQUILA GALÁN REPOSADO,TEQUILA REPOSADO,VIRGIN WHITE OAK,"TEQUILA VALLEY, JALISCO, MEXICO",NAS,40.0,2,TEQUILA GALÁN ,unknown,unknown,SWEET & RICH,AMANDA SCHUSTER,88,15,15,20,30,10,0,70,70,10,0,0,10,50,5
6 DEGREE TEQUILA REPOSADO,TEQUILA REPOSADO,FRENCH OAK,"JALISCO, MEXICO",NAS,40.0,2,SIX DEGREE ,6,4.54,RICH & SWEET,AMANDA SCHUSTER,88,5,10,40,20,15,0,70,65,10,0,0,15,40,0
MEZCAL MARQUÉS PLATA,MEZCAL JOVEN,UNAGED,"GUANAJUATO, MEXICO",NAS,40.0,2,HACIENDA JARAL DE BERRIO ,2,3.63,SWEET & RICH,AMANDA SCHUSTER,88,10,15,40,25,10,0,70,70,25,10,30,10,50,5
MUCHA LIGA BRAVO BLANCO TEQUILA,TEQUILA BLANCO,UNAGED,"JALISCO, MEXICO",NAS,40.0,2,MUCHA LIGA ,6,4.54,SWEET & FRUITY,AMANDA SCHUSTER,88,0,15,30,15,5,0,60,70,20,0,0,10,60,30
VILLA LOBOS EXTRA AÑEJO TEQUILA,TEQUILA EXTRA AÑEJO,AMERICAN OAK,"LOS ALTOS, JALISCO , MEXICO",NAS,40.0,4,VILLA LOBOS ,2,4.0,RICH & BITTER,OMARI WHEAT,88,50,70,75,40,20,80,80,70,0,0,55,0,50,0
AGAVE DE CORTÉS AÑEJO MEZCAL,MEZCAL AÑEJO,AMERICAN OAK,"SANTIAGO MATATLAN, OAXACA , MEXICO",NAS,43.0,3,AGAVE DE CORTÉS ,3,3.5,RICH & SWEET,OMARI WHEAT,88,80,70,75,55,10,35,90,85,15,30,45,0,45,0
MEZCAL NUESTRA SOLEDAD SANTIAGO MATATLÁN,MEZCAL JOVEN,unknown,"OAXACA, MEXICO",NAS,45.3,2,MEZCAL NUESTRA SOLEDAD ,16,3.68,RICH,JACOB GRIER,88,20,30,20,10,30,10,30,10,15,10,10,0,10,0
MEZCAL NUESTRA SOLEDAD SAN LUIS DEL RIO,MEZCAL JOVEN,unknown,"OAXACA, MEXICO",NAS,47.9,2,NUESTRA SOLEDAD ,21,4.01,RICH,JACOB GRIER,88,10,30,40,10,20,10,40,20,30,10,0,10,20,15
MEZCAL NARO'BA JOVEN,MEZCAL JOVEN,unknown,"OAXACA, MEXICO",NAS,40.0,3,MEZCAL NARO'BA ,1,3.5,SMOKY,AMANDA SCHUSTER,88,50,5,20,25,0,0,40,40,10,0,0,10,30,0
EL DECRETO TEQUILA BLANCO,TEQUILA BLANCO,AMERICAN OAK,"JALISCO, MEXICO",NAS,40.0,2,EL DECRETO ,1,5.0,HERBAL,AMANDA SCHUSTER,88,0,10,0,50,0,5,40,20,20,0,0,15,40,0
EMBAJADOR PREMIUM TEQUILA,TEQUILA REPOSADO,EX-BOURBON AMERICAN WHITE OAK AND EX-COGNAC FRENCH LIMOUSIN OAK,"LOS ALTOS, JALISCO, MEXICO",NAS,40.0,2,EMBAJADOR ,2,3.75,RICH,AMANDA SCHUSTER,88,30,50,20,30,10,10,60,40,0,0,10,10,40,0
DEL MAGUEY SANTO DOMINGO ALBARRADAS MEZCAL,MEZCAL JOVEN,UNAGED,"OAXACA, MEXICO",NAS,48.0,3,DEL MAGUEY ,29,3.84,FRUITY,JACOB GRIER,88,30,15,15,40,50,10,50,20,20,20,10,0,70,10
SIETE LEGUAS REPOSADO TEQUILA,TEQUILA REPOSADO,WHITE OAK,"LOS ALTOS, JALISCO, MEXICO",NAS,40.0,2,SIETE LEGUAS ,63,4.02,SPICY,JACOB GRIER,88,5,20,60,20,15,10,30,10,40,20,10,10,10,0
EL JOLGORIO BARRIL MEZCAL,MEZCAL JOVEN,unknown,"OAXACA, MEXICO",NAS,47.0,4,EL JOLGORIO ,20,3.9,SPICY & EARTHY,OMARI WHEAT,88,75,80,80,65,25,25,70,30,30,10,25,20,40,15
KOCH EL MEZCAL ESPADÍN,MEZCAL JOVEN,unknown,unknown,unknown,47.0,2,unknown,20,4.26,FRUITY & RICH,OMARI WHEAT,88,65,65,30,50,30,35,70,50,50,55,30,20,70,15
SCORPION MEZCAL REPOSADO,MEZCAL REPOSADO,unknown,unknown,unknown,40.0,2,unknown,12,3.31,SMOKY & SPICY,DISTILLER STAFF,88,90,78,80,67,0,20,40,43,60,20,60,0,64,39
DON JULIO REPOSADO TEQUILA,TEQUILA REPOSADO,AMERICAN WHITE OAK,"LOS ALTOS, JALISCO, MEXICO",NAS,40.0,2,DON JULIO ,289,3.89,FRUITY & SPICY,RON BECHTOL,88,30,40,60,55,15,15,40,20,20,15,20,5,60,40
DULCE VIDA BLANCO 100 PROOF TEQUILA,TEQUILA BLANCO,UNAGED,"LOS ALTOS, JALISCO, MEXICO",NAS,50.0,2,DULCE VIDA ,24,4.09,HERBAL & SPICY,RON BECHTOL,88,5,10,70,80,15,5,30,60,30,20,10,10,10,15
RIAZUL REPOSADO TEQUILA,TEQUILA REPOSADO,unknown,unknown,unknown,40.0,3,unknown,13,4.06,RICH & FRUITY,AMANDA SCHUSTER,88,5,10,40,40,10,0,70,60,5,0,0,20,60,0
LOS AMANTES REPOSADO MEZCAL,MEZCAL REPOSADO,CLAY AND NEW AMERICAN OAK,"OAXACA, MEXICO",NAS,40.0,3,LOS AMANTES MEZCAL ,19,3.92,SPICY & EARTHY,OMARI WHEAT,88,50,70,75,40,50,65,40,65,20,45,60,25,65,30
MEZCAL PIERDE ALMAS LA PURITITA VERDA,MEZCAL JOVEN,unknown,unknown,unknown,40.0,2,unknown,7,4.08,UMAMI & HERBAL,DANIEL DJANG,88,67,65,60,71,28,20,54,45,70,63,74,10,62,66
CORZO TEQUILA SILVER,TEQUILA BLANCO,unknown,unknown,unknown,40.0,3,unknown,25,3.66,FLORAL & UMAMI,BROCK SCHULTE,88,57,57,75,80,65,69,84,70,75,70,84,30,73,89
CORRALEJO AÑEJO TEQUILA,TEQUILA AÑEJO,AMERICAN OAK,"GUANAJUATO, MEXICO",NAS,40.0,2,TEQUILA CORRALEJO ,88,3.8,SWEET,AMANDA SCHUSTER,88,10,10,35,25,5,0,40,60,20,5,5,0,50,0
EXPRESIONES DEL CORAZÓN BUFFALO TRACE REPOSADO TEQUILA,TEQUILA REPOSADO,unknown,unknown,unknown,40.0,3,unknown,18,3.82,FRUITY & RICH,AMANDA SCHUSTER,88,15,20,40,35,5,0,60,50,20,10,0,10,60,0
CHINACO REPOSADO TEQUILA,TEQUILA REPOSADO,OAK,"TAMAULIPAS, MEXICO",NAS,40.0,2,CHINACO ,14,3.79,SWEET & RICH,STEPHANIE MORENO,88,10,35,35,40,40,15,65,65,40,35,20,10,35,0
TEQUILA TAPATIO REPOSADO,TEQUILA REPOSADO,EX-BOURBON,"LOS ALTOS, JALISCO, MEXICO",NAS,40.0,2,TEQUILA TAPATIO ,15,3.77,SPICY,AMANDA SCHUSTER,88,10,20,45,30,10,5,40,40,20,10,15,15,35,5
TEQUILA OCHO REPOSADO EL REFUGIO 2012,TEQUILA REPOSADO,TEQUILA-SEASONED AMERICAN OAK EX-AMERICAN WHISKEY BARRELS,"LOS ALTOS, JALISCO, MEXICO",unknown,40.0,3,TEQUILA OCHO ,2,5.0,HERBAL & FRUITY,BROCK SCHULTE,88,0,58,57,86,25,20,81,78,64,72,71,50,82,60
MEZCAL ALIPÚS SANTA ANA DEL RIO,MEZCAL JOVEN,unknown,unknown,unknown,47.9,2,unknown,20,3.8,TART & MINERAL,STEPHANIE MORENO,88,40,25,5,35,10,25,25,35,60,20,25,65,35,10
TEQUILA OCHO PLATA LA MAGUEYERA 2014,TEQUILA BLANCO,unknown,"LOS ALTOS, JALISCO, MEXICO",unknown,40.0,2,TEQUILA OCHO ,32,4.27,MINERAL,AMANDA SCHUSTER,88,5,40,10,40,5,5,20,15,50,30,20,25,20,0
QUECHOL TEXANUM SOTOL,SOTOL,unknown,MEXICO,NAS,46.3,3,QUECHOL SOTOL ,unknown,unknown,RICH,AMANDA SCHUSTER,87,15,25,30,40,10,8,60,20,10,5,15,0,15,0
DON JULIO ALMA MIEL,TEQUILA JOVEN,FINISHED IN CRÉMANT DU LIMOUX WINE CASKS,"LOS ALTOS, JALISCO, MEXICO",NAS,40.0,4,DON JULIO ,2,3.5,RICH,AMANDA SCHUSTER,87,3,10,25,15,5,0,60,50,15,0,5,5,25,0
TRES GENERACIONES 50TH ANNIVERSARY AÑEJO,TEQUILA AÑEJO,AMERICAN WHITE OAK,MEXICO,NAS,45.0,5,TRES GENERACIONES ,unknown,unknown,RICH & HERBAL,STEPHANIE MORENO,87,15,45,45,60,15,45,60,55,0,0,0,25,20,0
CELOSA ROSE TEQUILA,TEQUILA JOVEN,USED FRENCH OAK NAPA VALLEY RED WINE BARRELS,MEXICO,NAS,40.0,4,CELOSA TEQUILA ,unknown,unknown,FRUITY,STEPHANIE MORENO,87,0,20,25,30,10,20,45,35,0,0,0,35,55,0
PATRÓN AHUMADO REPOSADO,TEQUILA REPOSADO,unknown,MEXICO,NAS,40.0,3,PATRÓN ,2,3.63,HERBAL & SPICY,STEPHANIE MORENO,87,50,60,65,70,15,40,50,20,0,0,10,20,10,0
TEQUILA ZARPADO REPOSADO,TEQUILA REPOSADO,EX-KENTUCKY BOURBON BARRELS,"TEQUILA VALLEY, JALISCO, MEXICO",NAS,40.0,2,TEQUILA ZARPADO ,2,4.0,RICH,AMANDA SCHUSTER,87,5,15,40,30,0,3,50,40,15,5,0,25,30,0
PATRÓN AÑEJO TEQUILA SHERRY CASK AGED,TEQUILA AÑEJO,EX-OLOROSO SHERRY,"JALISCO, MEXICO",NAS,40.0,3,PATRÓN ,22,3.71,FRUITY & HERBAL,JAKE EMEN,87,10,10,40,70,30,30,40,40,20,20,0,40,80,40
THE LOST EXPLORER MEZCAL ESPADÍN,MEZCAL JOVEN,unknown,"OAXACA, MEXICO",NAS,42.0,3,THE LOST EXPLORER ,2,3.63,FRUITY & BITTER,JAKE EMEN,87,40,10,20,70,30,70,50,40,60,20,10,30,80,20
MAESTRO DOBEL 50 EXTRA AÑEJO CRISTALINO TEQUILA,TEQUILA EXTRA AÑEJO,EASTERN EUROPEAN AND AMERICAN OAK BARRELS,"TEQUILA VALLEY, JALISCO, MEXICO",NAS,40.0,4,MAESTRO DOBEL ,14,4.55,SWEET,STEPHANIE MORENO,87,10,35,30,45,30,35,40,65,10,0,15,35,45,0
PARTIDA AÑEJO CRISTALINO TEQUILA,TEQUILA AÑEJO,AMERICAN OAK EX-BOURBON (MEDIUM TOAST),"TEQUILA VALLEY, JALISCO, MEXICO",NAS,40.0,3,PARTIDA ,1,4.5,HERBAL,STEPHANIE MORENO,87,0,50,35,55,30,50,45,40,0,0,0,30,50,0
PARTIDA ROBLE FINO REPOSADO,TEQUILA REPOSADO,EX-BOURBON AND EX-SINGLE MALT SHERRY-SEASONED CASKS,"TEQUILA VALLEY, JALISCO, MEXICO",NAS,43.0,4,PARTIDA ,1,2.5,SWEET & RICH,AMANDA SCHUSTER,87,5,20,20,25,10,5,70,70,0,5,10,10,50,5
DOÑA VEGA MEZCAL TOBALÁ,MEZCAL JOVEN,UNAGED,MEXICO,NAS,43.0,4,DOÑA VEGA ,1,4.75,MINERAL & SMOKY,JAKE EMEN,87,70,30,40,60,40,10,30,50,70,0,20,50,10,20
SIEMPRE TEQUILA PLATA,TEQUILA BLANCO,unknown,"LOS ALTOS, JALISCO, MEXICO",NAS,40.0,2,SIEMPRE ,40,4.24,FRUITY,AMANDA SCHUSTER,87,0,10,20,15,0,5,30,25,15,15,10,10,35,5
KIMO SABE MEZCAL JOVEN: ALBEDO,MEZCAL JOVEN,unknown,MEXICO,NAS,43.0,2,KIMO SABE ,10,3.89,SWEET,AMANDA SCHUSTER,87,25,10,30,20,5,5,50,70,20,10,10,20,40,15
MEZCAL VIEJO INDECENTE ENSAMBLE,MEZCAL JOVEN,UNAGED,"OAXACA, MEXICO",NAS,48.0,3,VIEJO INDECENTE ,1,5.0,RICH,AMANDA SCHUSTER,87,5,20,50,40,10,25,60,40,30,0,0,10,30,0
6 DEGREE TEQUILA BLANCO,TEQUILA BLANCO,STAINLESS STEEL,"JALISCO, MEXICO",NAS,40.0,2,SIX DEGREE ,1,5.0,SWEET & RICH,AMANDA SCHUSTER,87,5,5,30,40,20,10,60,70,15,0,0,20,50,0
MEZCAL NUESTRA SOLEDAD LA COMPAÑIA EJUTLA,MEZCAL JOVEN,unknown,"OAXACA, MEXICO",NAS,46.4,2,MEZCAL NUESTRA SOLEDAD ,18,3.91,RICH,JACOB GRIER,87,0,20,20,10,40,20,40,10,30,10,10,10,25,0
DEL MAGUEY CREMA DE MEZCAL,MEZCAL JOVEN,UNAGED,"OAXACA, MEXICO",NAS,40.0,2,DEL MAGUEY ,48,3.54,RICH & HERBAL,STEPHANIE MORENO,87,45,25,30,70,30,10,75,60,15,10,15,20,65,0
ALACRÁN JOVEN MEZCAL,MEZCAL JOVEN,unknown,"OAXACA, MEXICO",NAS,46.0,2,AUTÉNTICO ALACRÁN ,20,4.34,UMAMI & HERBAL,RON BECHTOL,87,60,50,50,60,40,10,40,20,10,20,60,0,30,10
TATTOO TEQUILA BLANCO,TEQUILA BLANCO,unknown,MEXICO,NAS,40.0,2,TATTOO TEQUILA ,7,4.5,SWEET,AMANDA SCHUSTER,87,0,5,30,20,0,0,40,50,10,0,0,25,40,15
EMBAJADOR PLATINUM TEQUILA,TEQUILA BLANCO,unknown,"LOS ALTOS, JALISCO, MEXICO",NAS,40.0,2,EMBAJADOR ,3,3.92,HERBAL,AMANDA SCHUSTER,87,0,15,20,60,0,0,30,30,20,10,0,50,30,0
DON PILAR BLANCO TEQUILA,TEQUILA BLANCO,unknown,"LOS ALTOS, JALISCO, MEXICO",NAS,40.0,2,DON PILAR ,unknown,unknown,RICH & SWEET,AMANDA SCHUSTER,87,0,15,30,10,5,0,65,60,10,0,5,20,40,0
MAYALEN AGUA DE JUVENTUD WILD CUPREATA MEZCAL,MEZCAL JOVEN,unknown,"GUERRERO , MEXICO",NAS,46.0,3,MAYALEN ,3,3.67,RICH,AMANDA SCHUSTER,87,10,5,25,40,0,0,40,30,20,0,0,10,30,0
MEZCAL MARCA NEGRA TEPEZTATE,MEZCAL JOVEN,unknown,"OAXACA, MEXICO",NAS,47.3,4,MARCA NEGRA ,8,3.68,EARTHY,AMANDA SCHUSTER,87,50,60,40,20,20,10,50,20,30,0,5,5,15,0
EL DIAMANTE DEL CIELO SILVER TEQUILA,TEQUILA BLANCO,unknown,unknown,unknown,40.0,2,unknown,2,4.88,HERBAL,RON BECHTOL,87,5,10,40,40,15,10,25,25,10,5,5,10,35,25
ROCA PATRÓN SILVER TEQUILA,TEQUILA BLANCO,UNAGED,"LOS ALTOS, JALISCO, MEXICO",NAS,45.0,3,PATRÓN ,67,3.77,HERBAL,STEPHANIE MORENO,87,0,25,10,60,10,35,40,40,45,35,0,35,35,15
BRUXO NO. 3 BARRIL MEZCAL,MEZCAL JOVEN,unknown,unknown,unknown,46.0,3,unknown,10,3.68,RICH & SMOKY,AMANDA SCHUSTER,87,60,20,40,50,20,0,75,40,0,15,5,0,40,10
OLMECA ALTOS REPOSADO TEQUILA,TEQUILA REPOSADO,unknown,"LOS ALTOS, JALISCO, MEXICO",unknown,40.0,1,OLMECA ALTOS ,193,3.69,SWEET & FRUITY,DANIEL DJANG,87,15,52,35,62,10,10,20,67,25,25,10,10,65,15
ESPÍRITU LAURO JOVEN MEZCAL,MEZCAL JOVEN,UNAGED,"OAXACA, MEXICO",NAS,40.0,3,ESPÍRITU LAURO ,13,4.13,EARTHY,AMANDA SCHUSTER,87,25,60,15,35,20,10,40,10,40,25,25,0,15,0
CALLE 23 TEQUILA REPOSADO,TEQUILA REPOSADO,unknown,unknown,unknown,40.0,2,unknown,5,3.85,SWEET,AMANDA SCHUSTER,87,20,10,30,15,10,5,40,60,10,0,0,0,50,10
MONTELOBOS ESPADÍN MEZCAL JOVEN,MEZCAL JOVEN,UNAGED,"OAXACA, MEXICO",NAS,43.2,2,MONTELOBOS ,263,3.92,SMOKY & SALTY,OMARI WHEAT,87,75,65,59,40,30,20,67,58,40,70,50,20,50,15
MILAGRO SILVER TEQUILA,TEQUILA BLANCO,unknown,"LOS ALTOS, JALISCO, MEXICO",NAS,40.0,2,MILAGRO ,193,3.56,HERBAL & FRUITY,STEPHANIE MORENO,87,0,15,5,80,40,20,40,45,25,25,0,15,55,15
SUERTE BLANCO TEQUILA,TEQUILA BLANCO,unknown,unknown,unknown,40.0,2,unknown,20,3.66,EARTHY & HERBAL,DANIEL DJANG,87,55,87,50,82,42,15,30,25,60,45,70,50,45,40
AVIÓN SILVER TEQUILA,TEQUILA BLANCO,unknown,"LOS ALTOS, JALISCO, MEXICO",NAS,40.0,2,AVIÓN ,97,3.58,SPICY & SALTY,JOHN RANKIN,87,0,25,65,60,15,10,60,20,40,60,20,20,35,15
MEZCAL EL SILENCIO ESPADÍN,MEZCAL JOVEN,UNAGED,"OAXACA, MEXICO",NAS,43.0,2,MEZCAL EL SILENCIO ,98,3.69,EARTHY,STEPHANIE MORENO,87,45,75,15,50,20,20,45,10,40,10,30,25,15,0
SUERTE STILL STRENGTH BLANCO TEQUILA,TEQUILA BLANCO,unknown,MEXICO,NAS,52.0,3,SUERTE ,2,4.5,SPICY,AMANDA SCHUSTER,86,0,10,30,25,0,3,20,20,15,5,0,10,20,0
TEQUILA KOMOS AÑEJO RESERVA,TEQUILA AÑEJO,"FRENCH OAK WINE, AMERICAN BOURBON, AND SHERRY CASKS","JALISCO, MEXICO",NAS,40.0,5,TEQUILA KOMOS ,4,4.88,SWEET & RICH,STEPHANIE MORENO,86,0,40,35,55,15,45,55,60,0,0,0,30,30,0
ASTRAL TEQUILA AÑEJO,TEQUILA AÑEJO,FIRST FILL AMERICAN OAK EX-BOURBON,"JALISCO, MEXICO",NAS,40.0,2,ASTRAL ,2,3.0,SWEET,AMANDA SCHUSTER,86,5,15,25,15,5,3,30,40,10,5,5,0,20,10
TEQUILA OCHO REPOSADO BARREL SELECT WIDOW JANE 2022,TEQUILA REPOSADO,EX-WIDOW JANE BOURBON BARRELS,"JALISCO, MEXICO",NAS,45.5,3,TEQUILA OCHO ,8,4.44,TART,STEPHANIE MORENO,86,20,35,38,25,10,35,50,45,0,0,0,55,35,0
TRES GENERACIONES LA COLONIAL REPOSADO TEQUILA,TEQUILA REPOSADO,CHARRED AMERICAN OAK,"TEQUILA VALLEY, JALISCO, MEXICO",NAS,45.0,4,TRES GENERACIONES ,1,5.0,SPICY & HERBAL,STEPHANIE MORENO,86,25,35,60,55,15,40,45,30,10,0,0,35,40,0
TEQUILA ETERNO VERANO REPOSADO,TEQUILA REPOSADO,WHISKEY BARRELS,"TEQUILA VALLEY, JALISCO, MEXICO",NAS,40.0,3,ETERNO VERANO ,1,4.0,SWEET & RICH,AMANDA SCHUSTER,86,0,10,10,5,5,0,60,70,0,15,0,5,40,5
DON JULIO PRIMAVERA,TEQUILA REPOSADO,ORANGE WINE CASKS,"LOS ALTOS, JALISCO, MEXICO",NAS,40.0,4,DON JULIO ,32,3.94,FRUITY & BITTER,JAKE EMEN,86,30,50,40,20,40,70,60,40,20,30,0,40,80,20
THE LOST EXPLORER MEZCAL SALMIANA,MEZCAL JOVEN,unknown,"OAXACA, MEXICO",NAS,42.0,5,THE LOST EXPLORER ,3,4.5,HERBAL & FLORAL,JAKE EMEN,86,10,50,60,90,20,40,30,40,40,10,20,30,70,80
MIJENTA TEQUILA BLANCO,TEQUILA BLANCO,UNAGED,"LOS ALTOS, JALISCO, MEXICO",NAS,40.0,2,MIJENTA ,31,4.22,FRUITY & TART,JAKE EMEN,86,10,20,30,50,40,40,30,30,50,0,0,60,80,40
JOSE CUERVO RESERVA DE LA FAMILIA REPOSADO,TEQUILA REPOSADO,"HEAVY-TOASTED AMERICAN OAK, LIGHTLY-TOASTED AMERICAN OAK, AND LIGHTLY-TOASTED FRENCH OAK","JALISCO, MEXICO",NAS,40.0,4,JOSE CUERVO ,8,3.97,FRUITY & HERBAL,JAKE EMEN,86,30,0,30,70,40,60,50,40,10,20,0,30,70,20
ABRE OJOS REPOSADO,TEQUILA REPOSADO,AMERICAN OAK,"JALISCO, MEXICO",NAS,40.0,2,ABRE OJOS ,1,4.25,FRUITY,JACK ROBERTIELLO,86,5,25,20,20,15,20,30,25,20,10,20,20,30,10
CÓDIGO 1530 AÑEJO TEQUILA,TEQUILA AÑEJO,EX-NAPA CABERNET SAUVIGNON FRENCH WHITE OAK BARRELS,"JALISCO, MEXICO",NAS,40.0,4,CÓDIGO 1530 ,42,4.3,SWEET & FRUITY,COLIN HOWARD,86,50,20,80,60,75,20,70,85,45,40,10,70,80,60
LA CAVA DE DON SAMUEL TEQUILA REPOSADO,TEQUILA REPOSADO,"EX-BOURBON, OTHER UNSPECIFIED OAK","JALISCO, MEXICO",NAS,40.0,2,LA CAVA DE DON SAMUEL ,1,3.0,SWEET & RICH,AMANDA SCHUSTER,86,10,10,40,50,5,5,60,60,10,0,10,20,40,0
MEZCAL MARQUÉS REPOSADO,MEZCAL REPOSADO,AMERICAN OAK,"GUANAJUATO, MEXICO",NAS,40.0,3,HACIENDA JARAL DE BERRIO ,5,4.0,FRUITY & RICH,AMANDA SCHUSTER,86,15,15,50,30,5,5,60,40,5,5,10,0,60,0
MUCHA LIGA CANIBAL REPOSADO TEQUILA,TEQUILA REPOSADO,EX-BOURBON,"JALISCO, MEXICO",NAS,40.0,2,MUCHA LIGA ,7,4.79,SWEET & RICH,AMANDA SCHUSTER,86,15,10,35,10,10,5,70,70,0,0,0,10,50,15
TEQUILA REGIONAL BLANCO,TEQUILA BLANCO,unknown,"TEQUILA VALLEY, JALISCO, MEXICO",NAS,40.0,2,TEQUILA REGIONAL ,unknown,unknown,EARTHY & MINERAL,KELLEY SLAGLE,86,15,70,25,15,0,40,10,50,60,0,0,0,15,10
MILAGRO SELECT BARREL RESERVE REPOSADO TEQUILA,TEQUILA REPOSADO,FRENCH AND AMERICAN OAK BARRELS,"LOS ALTOS, JALISCO, MEXICO",unknown,40.0,3,MILAGRO ,28,3.73,HERBAL,KATRINA NIEMISTO,86,5,20,20,30,10,0,10,25,20,0,10,0,15,5
EL DIAMANTE DEL CIELO AÑEJO TEQUILA,TEQUILA AÑEJO,unknown,unknown,unknown,40.0,3,unknown,2,4.38,SWEET,RON BECHTOL,86,20,20,30,25,10,5,30,30,5,5,15,5,25,20
EL DIAMANTE DEL CIELO REPOSADO TEQUILA,TEQUILA REPOSADO,unknown,unknown,unknown,40.0,2,unknown,2,4.5,HERBAL,RON BECHTOL,86,20,15,35,40,10,5,25,30,5,5,10,5,30,25
ROCA PATRÓN REPOSADO TEQUILA,TEQUILA REPOSADO,EX-BOURBON,"LOS ALTOS, JALISCO, MEXICO",NAS,42.0,3,PATRÓN ,38,4.02,SWEET,STEPHANIE MORENO,86,15,25,50,15,20,20,45,50,10,10,0,20,35,0
TEQUILA PUEBLO VIEJO AÑEJO,TEQUILA AÑEJO,AMERICAN OAK,"LOS ALTOS, JALISCO, MEXICO",NAS,40.0,2,TEQUILA PUEBLO VIEJO ,9,3.97,RICH & SPICY,DUNCAN MCROBERTS,86,50,55,85,80,75,50,90,80,40,65,60,50,80,45
CRUZ DEL SOL AÑEJO TEQUILA,TEQUILA AÑEJO,unknown,unknown,unknown,40.0,3,unknown,4,4.63,SWEET & RICH,BROCK SCHULTE,86,30,80,78,68,75,45,85,88,70,40,60,45,83,79
RIAZUL AÑEJO TEQUILA,TEQUILA AÑEJO,unknown,unknown,unknown,40.0,3,unknown,59,4.11,FRUITY & SWEET,AMANDA SCHUSTER,86,0,10,40,20,20,0,80,80,0,0,0,10,80,0
OLMECA ALTOS PLATA TEQUILA,TEQUILA BLANCO,unknown,"LOS ALTOS, JALISCO, MEXICO",unknown,40.0,1,OLMECA ALTOS ,213,3.63,HERBAL & FRUITY,DANIEL DJANG,86,15,56,30,68,10,10,15,60,52,51,15,10,63,20
TEQUILA AMATE SILVER,TEQUILA BLANCO,unknown,unknown,unknown,40.0,2,unknown,4,3.67,MINERAL & SPICY,BROCK SCHULTE,86,40,82,85,84,78,40,70,64,87,80,81,35,55,82
BLUE NECTAR REPOSADO EXTRA BLEND TEQUILA,TEQUILA REPOSADO,unknown,unknown,unknown,40.0,2,unknown,9,3.81,RICH,AMANDA SCHUSTER,86,25,10,40,5,10,0,60,50,10,0,0,0,30,0
EL JIMADOR BLANCO TEQUILA,TEQUILA BLANCO,unknown,unknown,unknown,40.0,1,unknown,158,3.25,FRUITY & EARTHY,DISTILLER STAFF,86,0,75,35,36,60,48,20,50,15,0,42,35,80,22
IXÁ ORGANIC SILVER TEQUILA,TEQUILA BLANCO,UNAGED,"TEQUILA VALLEY, JALISCO, MEXICO",NAS,40.0,2,IXÁ ,6,3.71,TART,STEPHANIE MORENO,86,15,40,5,25,15,45,45,15,20,5,10,45,30,5
TEQUILA PUEBLO VIEJO BLANCO,TEQUILA BLANCO,unknown,"LOS ALTOS, JALISCO, MEXICO",NAS,40.0,1,PUEBLO VIEJO ,8,4.28,HERBAL,AMANDA SCHUSTER,86,5,5,20,25,5,15,5,5,10,10,5,15,20,10
EXPRESIONES DEL CORAZÓN OLD RIP VAN WINKLE AÑEJO (2ND RELEASE),TEQUILA AÑEJO,EX-BOURBON,"LOS ALTOS, JALISCO, MEXICO",NAS,40.0,4,TEQUILA CORAZÓN ,2,3.0,RICH & SPICY,AMANDA SCHUSTER,86,40,50,60,40,0,10,60,30,0,0,0,0,20,0
MIJENTA TEQUILA CRISTALINO,TEQUILA REPOSADO,"USED AMERICAN OAK, VIRGIN AMERICAN OAK, EX-SHERRY","LOS ALTOS, JALISCO, MEXICO",NAS,40.0,4,MIJENTA ,1,4.75,RICH,AMANDA SCHUSTER,85,0,15,20,15,0,0,50,30,25,15,5,10,40,0
TEQUILA OCHO AÑEJO BARREL SELECT WIDOW JANE 2024,TEQUILA AÑEJO,EX-WIDOW JANE BOURBON BARRELS,MEXICO,NAS,48.0,4,TEQUILA OCHO ,2,4.13,SPICY & HERBAL,STEPHANIE MORENO,85,20,55,75,65,0,40,45,50,10,0,0,35,0,0
EL TESORO MUNDIAL COLLECTION: KNOB CREEK EDITION (2023 RELEASE),TEQUILA AÑEJO,KNOB CREEK RYE WHISKEY BARRELS,"LOS ALTOS, JALISCO, MEXICO",NAS,40.0,5,EL TESORO ,1,5.0,HERBAL & SPICY,STEPHANIE MORENO,85,10,35,55,60,10,35,45,40,15,0,0,20,15,10
ALMA DEL JAGUAR REPOSADO TEQUILA,TEQUILA REPOSADO,AMERICAN AND FRENCH OAK,"LOS ALTOS, JALISCO, MEXICO",NAS,40.0,3,ALMA DEL JAGUAR ,6,3.71,RICH,AMANDA SCHUSTER,85,0,10,25,10,0,3,50,30,5,0,0,0,20,0
DEL MAGUEY VIDA PUEBLA,MEZCAL JOVEN,unknown,"PUEBLA, MEXICO",NAS,40.0,2,DEL MAGUEY ,4,4.06,HERBAL & EARTHY,STEPHANIE MORENO,85,45,75,30,80,10,55,15,25,20,25,10,10,30,0
PATRÓN EL ALTO TEQUILA,TEQUILA REPOSADO,VARIOUS INCLUDING AMERICAN OAK BODY/FRENCH OAK HEAD HYBRID BARRELS,"LOS ALTOS, JALISCO, MEXICO",NAS,40.0,5,PATRÓN ,9,4.33,SPICY & TART,STEPHANIE MORENO,85,10,40,70,55,25,50,40,40,0,0,0,55,30,0
SEVERO TEQUILA AÑEJO,TEQUILA AÑEJO,WHITE AMERICAN OAK,"JALISCO, MEXICO",NAS,40.0,3,TEQUILA SEVERO ,5,4.05,RICH & SPICY,AMANDA SCHUSTER,85,0,15,60,20,10,0,60,50,10,0,0,0,30,0
PAQUÍ TEQUILA SILVERA,TEQUILA BLANCO,unknown,"LOS ALTOS, JALISCO, MEXICO",NAS,40.0,2,PAQUÍ TEQUILA ,unknown,unknown,FRUITY & HERBAL,JAKE EMEN,85,10,20,50,80,60,30,50,40,20,0,10,50,90,60
TEQUILA LOBOS 1707 REPOSADO,TEQUILA REPOSADO,"AMERICAN WHITE OAK, FINISHED IN PEDRO XIMÉNEZ BARRELS","LOS ALTOS, JALISCO, MEXICO",NAS,40.0,2,LOBOS 1707 ,6,3.79,SWEET & HERBAL,JAKE EMEN,85,10,0,30,70,60,40,50,80,20,40,0,30,60,30
TEREMANA TEQUILA BLANCO,TEQUILA BLANCO,UNAGED,"LOS ALTOS, JALISCO, MEXICO",NAS,40.0,2,TEREMANA TEQUILA ,202,3.62,HERBAL & FRUITY,JAKE EMEN,85,10,10,20,70,60,30,30,40,50,10,40,20,60,30
PARTIDA SINGLE BARREL REPOSADO TEQUILA,TEQUILA REPOSADO,AMERICAN OAK,"TEQUILA VALLEY, JALISCO, MEXICO",NAS,40.0,3,PARTIDA ,1,4.5,HERBAL & OILY,COLIN HOWARD,85,60,40,70,80,75,50,70,40,40,20,50,30,30,10
TEQUILA EL MAYOR CRISTALINO,TEQUILA AÑEJO,AMERICAN OAK,"JALISCO, MEXICO",NAS,40.0,2,TEQUILA EL MAYOR ,11,3.89,EARTHY,ANNA ARCHIBALD,85,0,55,25,0,7,40,35,15,25,50,0,0,0,0
PASOTE TEQUILA AÑEJO,TEQUILA AÑEJO,EX-BOURBON,"LOS ALTOS, JALISCO, MEXICO",NAS,40.0,3,PASOTE ,18,3.83,SWEET & RICH,FORREST COKELY,85,21,48,55,45,68,19,70,83,43,38,48,12,35,25
KIMO SABE MEZCAL REPOSADO: RUBEDO,MEZCAL REPOSADO,AMERICAN OAK,MEXICO,6 MONTHS,42.7,2,KIMO SABE ,5,3.7,SWEET & RICH,AMANDA SCHUSTER,85,10,10,35,15,10,0,70,80,10,10,0,15,20,10
ARTA TEQUILA SILVER,TEQUILA BLANCO,UNAGED,"TEQUILA VALLEY, JALISCO, MEXICO",NAS,40.0,2,ARTA TEQUILA ,3,3.33,FRUITY,AMANDA SCHUSTER,85,0,20,25,35,15,5,50,40,5,10,10,30,50,0
MEZCALES DE LEYENDA GUERRERO,MEZCAL JOVEN,NONE,"GUERRERO, MEXICO",NAS,42.0,3,MEZCAL DE LEYENDAS ,26,4.03,SMOKY & SWEET,KELLEY SLAGLE,85,65,60,20,50,0,60,30,60,20,10,10,0,10,0
GRACIAS A DIOS MEZCAL ESPADÍN JOVEN,MEZCAL JOVEN,unknown,"OAXACA, MEXICO",NAS,45.0,2,GRACIAS A DIOS ,37,4.18,SMOKY,AMANDA SCHUSTER,85,70,40,50,20,0,10,30,40,15,10,0,20,30,5
DOS ARMADILLOS TEQUILA PLATA,TEQUILA BLANCO,unknown,"JALISCO, MEXICO",NAS,40.0,2,DOS ARMADILLOS ,2,3.0,SWEET,AMANDA SCHUSTER,85,0,5,5,20,0,0,50,60,15,0,0,10,50,10
MEZCAL MALA IDEA CUISHE SILVESTRE,MEZCAL JOVEN,NONE,"OAXACA, MEXICO",NAS,48.0,2,MALA IDEA ,9,4.67,EARTHY & SMOKY,AMANDA SCHUSTER,85,60,60,40,30,0,50,40,20,30,0,20,10,20,0
TEQUILA CHAMUCOS BLANCO,TEQUILA BLANCO,unknown,"JALISCO , MEXICO",NAS,40.0,2,CHAMUCOS ,19,3.39,FRUITY,AMANDA SCHUSTER,85,0,20,15,40,0,5,40,10,25,0,0,15,50,0
EL DECRETO TEQUILA REPOSADO,TEQUILA REPOSADO,EX-BOURBON,"JALISCO, MEXICO",NAS,40.0,2,EL DECRETO ,1,3.0,RICH,AMANDA SCHUSTER,85,0,5,30,50,0,0,50,20,10,0,0,15,40,0
TEQUILA ORGULLO PUEBLO VIEJO REPOSADO,TEQUILA REPOSADO,unknown,"LOS ALTOS, JALISCO, MEXICO",NAS,40.0,1,TEQUILA ORGULLO PUEBLO VIEJO ,1,3.5,HERBAL,RON BECHTOL,85,10,10,15,25,5,10,15,10,10,5,10,5,5,10
TEQUILA 1921 REPOSADO,TEQUILA REPOSADO,unknown,unknown,unknown,40.0,2,unknown,7,3.79,SWEET & RICH,AMANDA SCHUSTER,85,10,0,50,20,10,0,60,70,0,0,0,15,50,0
LA VENENOSA SIERRA RAICILLA (BLACK LABEL),RAICILLA,unknown,unknown,unknown,42.0,3,unknown,18,3.21,HERBAL & EARTHY,OMARI WHEAT,85,20,80,45,90,70,40,50,25,60,45,60,75,35,15
EL BUHO MEZCAL,MEZCAL JOVEN,UNAGED,unknown,NAS,43.0,2,unknown,47,3.74,HERBAL & RICH,STEPHANIE MORENO,85,25,20,10,65,30,35,60,50,50,25,20,30,40,0
HERRADURA COLECCIÓN DE LA CASA RESERVA 2013 COGNAC CASK FINISH REPOSADO,TEQUILA REPOSADO,unknown,unknown,unknown,40.0,4,unknown,4,4.25,SPICY & BITTER,DISTILLER STAFF,85,22,52,60,57,24,58,28,26,50,16,30,17,46,48
CALLE 23 TEQUILA AÑEJO,TEQUILA AÑEJO,unknown,unknown,unknown,40.0,2,unknown,3,3.83,RICH & SWEET,AMANDA SCHUSTER,85,10,0,40,20,10,0,80,75,0,0,0,0,60,5
CALLE 23 TEQUILA BLANCO,TEQUILA BLANCO,unknown,unknown,unknown,40.0,2,unknown,6,3.58,FRUITY,AMANDA SCHUSTER,85,5,10,30,40,0,0,5,30,10,5,0,0,50,5
CORRALEJO SILVER TEQUILA,TEQUILA BLANCO,unknown,unknown,unknown,40.0,2,unknown,69,3.72,MINERAL,AMANDA SCHUSTER,85,10,10,20,40,5,5,15,20,60,40,0,25,30,0
TEQUILA OCHO REPOSADO LOS FRESNOS 2013,TEQUILA REPOSADO,TEQUILA-SEASONED AMERICAN OAK EX-AMERICAN WHISKEY BARRELS,"LOS ALTOS, JALISCO, MEXICO",unknown,40.0,3,TEQUILA OCHO ,unknown,unknown,RICH & SPICY,BROCK SCHULTE,85,0,43,82,73,72,30,85,79,74,66,30,20,65,40
TEQUILA OCHO PLATA LOS FRESNOS 2013,TEQUILA BLANCO,unknown,"LOS ALTOS, JALISCO, MEXICO",unknown,40.0,2,TEQUILA OCHO ,4,4.31,RICH & SPICY,BROCK SCHULTE,85,0,40,90,75,50,40,94,70,75,89,80,75,85,74
PURASANGRE REPOSADO TEQUILA,TEQUILA REPOSADO,FRENCH OAK,"LOS ALTOS, JALISCO, MEXICO",NAS,40.0,2,PURASANGRE TEQUILA ,2,3.63,TART,STEPHANIE MORENO,85,0,10,35,30,30,35,40,25,10,10,10,45,30,0
TEQUILA PUEBLO VIEJO REPOSADO,TEQUILA REPOSADO,EX-BOURBON,"LOS ALTOS, JALISCO, MEXICO",NAS,40.0,2,PUEBLO VIEJO ,4,3.69,HERBAL,AMANDA SCHUSTER,85,10,10,15,25,5,10,15,10,10,5,10,5,5,10
CASAMIGOS CRISTALINO TEQUILA,TEQUILA REPOSADO,AMERICAN WHITE OAK BARRELS,"LOS ALTOS, JALISCO, MEXICO",NAS,40.0,3,CASAMIGOS ,2,3.63,RICH & OILY,STEPHANIE MORENO,84,0,25,30,30,60,10,60,55,10,0,0,0,25,0
CENOTE AHUMADO TEQUILA,TEQUILA REPOSADO,OAK,MEXICO,NAS,40.0,3,CENOTE ,unknown,unknown,SMOKY,AMANDA SCHUSTER,84,40,20,25,20,0,0,30,25,3,10,15,0,10,5
GRAN CENTENARIO CRISTALINO,TEQUILA AÑEJO,AMERICAN OAK AND CALVADOS CASKS,"JALISCO, MEXICO",NAS,40.0,3,GRAN CENTENARIO ,5,4.25,RICH & SWEET,STEPHANIE MORENO,84,0,10,30,40,45,25,60,55,0,0,0,30,45,0
PELOTÓN DE LA MUERTE PECHUGA,MEZCAL JOVEN,unknown,"GUERRERO, MEXICO",NAS,45.1,2,PELOTÓN DE LA MUERTE ,2,3.63,FRUITY & HERBAL,JAKE EMEN,84,30,20,20,90,70,50,30,30,20,0,10,60,90,70
DAHLIA CRISTALINO TEQUILA,TEQUILA REPOSADO,WHITE OAK,"TEQUILA VALLEY, JALISCO, MEXICO",NAS,40.0,2,TEQUILA DAHLIA ,3,2.83,SWEET & RICH,AMANDA SCHUSTER,84,0,5,10,20,15,0,70,80,0,0,0,15,50,0
STORYWOOD TEQUILA SPEYSIDE 14 AÑEJO,TEQUILA AÑEJO,SPEYSIDE SINGLE MALT SCOTCH WHISKY BARRELS,MEXICO,14 MONTHS,40.0,4,STORYWOOD ,1,4.0,SWEET & RICH,STEPHANIE MORENO,84,20,45,45,45,15,20,60,60,0,0,0,35,0,0
CINCORO BLANCO,TEQUILA BLANCO,unknown,"JALISCO, MEXICO",NAS,40.0,3,CINCORO ,18,4.13,FRUITY & HERBAL,JAKE EMEN,84,0,10,30,80,60,30,20,40,20,10,10,50,80,40
EXPRESIONES DEL CORAZÓN SAZERAC RYE AÑEJO (2019 RELEASE),TEQUILA AÑEJO,USED SAZERAC RYE BARRELS,"LOS ALTOS, JALISCO, MEXICO",NAS,45.0,3,EXPRESIONES DEL CORAZÓN ,2,4.25,SWEET,ANNA ARCHIBALD,84,0,15,30,0,10,0,20,55,0,0,0,50,50,0
CONVITE MEZCAL ESPADIN MADRECUISHE,MEZCAL JOVEN,UNAGED,"OAXACA, MEXICO",NAS,42.0,3,CONVITE ,7,3.88,EARTHY & SMOKY,STEPHANIE MORENO,84,65,85,30,60,20,55,55,20,25,25,25,30,20,0
MIEL DE TIERRA JOVEN,MEZCAL JOVEN,UNAGED,"ZACATECAS, MEXICO",NAS,40.0,2,MIEL DE TIERRA ,4,4.0,SWEET & EARTHY,JOHN RANKIN,84,10,75,15,15,10,5,10,85,5,30,5,5,60,5
4 COPAS TEQUILA REPOSADO,TEQUILA REPOSADO,AMERICAN OAK,"JALISCO, MEXICO",NAS,40.0,2,4 COPAS ,4,3.94,RICH,JACK ROBERTIELLO,84,0,10,10,10,20,20,25,20,10,0,5,15,20,0
CASA DRAGONES TEQUILA BLANCO,TEQUILA BLANCO,UNAGED,MEXICO,NAS,40.0,3,CASA DRAGONES ,94,3.88,SWEET,STEPHANIE MORENO,84,0,35,15,50,35,30,40,55,25,10,0,45,30,10
AGAVE DE CORTÉS REPOSADO MEZCAL,MEZCAL REPOSADO,AMERICAN OAK,"SANTIAGO MATATLAN, OAXACA, MEXICO",NAS,43.0,2,AGAVE DE CORTÉS ,unknown,unknown,FRUITY & SWEET,OMARI WHEAT,84,55,65,70,45,0,20,75,80,10,20,35,0,90,0
DOS ARMADILLOS TEQUILA REPOSADO,TEQUILA REPOSADO,EX-BOURBON,"JALISCO, MEXICO",NAS,40.0,3,DOS ARMADILLOS ,4,3.38,SWEET & RICH,AMANDA SCHUSTER,84,10,10,30,0,10,0,60,70,0,0,0,0,50,0
TEQUILA CABRITO BLANCO,TEQUILA BLANCO,unknown,"TEQUILA, MEXICO",NAS,40.0,1,CABRITO ,9,2.94,HERBAL & MINERAL,KELLEY SLAGLE,84,5,60,40,70,20,30,20,30,60,0,0,0,50,40
QUI PLATINUM EXTRA AÑEJO TEQUILA,TEQUILA EXTRA AÑEJO,EX-BOURBON & EX-BORDEAUX WINE CASKS,"JALISCO, MEXICO",NAS,40.0,3,QUI ,46,4.31,SWEET & HERBAL,DANIEL DJANG,84,30,45,35,60,15,10,30,65,20,25,25,10,55,30
MEZCAL VAGO ENSAMBLE EN BARRO,MEZCAL JOVEN,UNAGED,"OAXACA, MEXICO",NAS,50.3,3,MEZCAL VAGO ,23,4.12,MINERAL & SPICY,DUNCAN MCROBERTS,84,70,65,75,50,60,70,70,35,75,60,70,55,30,30
TEQUILA 1921 BLANCO,TEQUILA BLANCO,unknown,unknown,unknown,40.0,2,unknown,4,4.38,HERBAL,AMANDA SCHUSTER,84,0,20,10,70,10,5,40,40,15,5,0,20,40,0
CORAZÓN AÑEJO TEQUILA,TEQUILA AÑEJO,unknown,unknown,unknown,40.0,2,unknown,29,3.66,SPICY & BITTER,BROCK SCHULTE,84,30,70,92,74,40,85,83,71,60,20,60,58,50,0
EXCELLIA TEQUILA AÑEJO,TEQUILA AÑEJO,EX-COGNAC & EX-SAUTERNES WINE CASKS,"LOS ALTOS, JALISCO, MEXICO",NAS,40.0,3,EXCELLIA ,4,3.94,SWEET & RICH,AMANDA SCHUSTER,84,20,10,30,15,20,0,80,80,10,5,0,5,60,5
TEQUILA AMATE AÑEJO,TEQUILA AÑEJO,unknown,unknown,unknown,40.0,2,unknown,2,3.88,SWEET & UMAMI,BROCK SCHULTE,84,40,68,78,65,75,30,81,83,68,70,81,40,74,30
MEZCAL SANTA PEDRERA,MEZCAL JOVEN,unknown,unknown,unknown,46.0,2,unknown,7,4.5,RICH & SWEET,AMANDA SCHUSTER,84,40,10,60,20,30,5,70,60,15,10,5,15,35,10
BLUE NECTAR SILVER TEQUILA,TEQUILA BLANCO,UNAGED,"TEQUILA VALLEY, JALISCO, MEXICO",NAS,40.0,2,BLUE NECTAR ,13,3.44,FRUITY,AMANDA SCHUSTER,84,0,5,30,20,10,0,25,40,20,5,0,10,70,0
CORAZÓN REPOSADO TEQUILA,TEQUILA REPOSADO,unknown,unknown,unknown,40.0,2,unknown,24,3.59,RICH & FRUITY,BROCK SCHULTE,84,0,0,78,40,0,40,90,85,45,65,40,60,86,68
MILAGRO AÑEJO TEQUILA,TEQUILA AÑEJO,AMERICAN OAK,"LOS ALTOS, JALISCO, MEXICO",NAS,40.0,2,MILAGRO ,56,3.5,FRUITY,RON BECHTOL,84,5,20,10,40,15,15,45,40,5,5,20,5,50,30
MILAGRO REPOSADO TEQUILA,TEQUILA REPOSADO,AMERICAN OAK,"LOS ALTOS, JALISCO, MEXICO",NAS,40.0,1,MILAGRO ,96,3.59,HERBAL,RON BECHTOL,84,20,25,15,60,15,20,40,35,15,10,15,10,30,25
CAZADORES EXTRA AÑEJO TEQUILA,TEQUILA EXTRA AÑEJO,VIRGIN AMERICAN OAK,"LOS ALTOS, JALISCO, MEXICO",unknown,40.0,3,CAZADORES ,18,3.8,SWEET & RICH,RYAN CONKLIN,84,63,69,84,64,83,77,85,86,64,67,81,63,74,65
CASA NOBLE CRYSTAL TEQUILA,TEQUILA BLANCO,unknown,"TEQUILA VALLEY, JALISCO, MEXICO",NAS,40.0,2,CASA NOBLE ,68,3.45,SWEET & RICH,BROCK SCHULTE,84,0,35,79,40,0,0,84,93,57,83,30,0,78,77
TEQUILA EL MAYOR AÑEJO,TEQUILA AÑEJO,AMERICAN OAK,"JALISCO, MEXICO",NAS,40.0,2,TEQUILA EL MAYOR ,83,3.98,FRUITY & SPICY,RON BECHTOL,84,5,35,70,50,20,5,45,65,10,5,20,5,75,65
DEL MAGUEY VIDA MEZCAL,MEZCAL JOVEN,UNAGED,"OAXACA, MEXICO",NAS,42.0,2,DEL MAGUEY ,367,3.59,SMOKY & SPICY,RON BECHTOL,84,90,75,85,75,60,10,65,20,40,45,60,10,50,60
HERRADURA SILVER TEQUILA,TEQUILA BLANCO,unknown,unknown,unknown,40.0,2,unknown,155,3.68,HERBAL & EARTHY,DUNCAN MCROBERTS,84,65,75,50,90,50,40,65,40,35,60,65,45,35,30
AVIÓN AÑEJO TEQUILA,TEQUILA AÑEJO,EX-BOURBON,"LOS ALTOS, JALISCO, MEXICO",NAS,40.0,3,AVIÓN ,55,3.77,SWEET & FRUITY,BROCK SCHULTE,84,10,20,65,40,35,35,60,87,36,0,34,74,83,20
